analysis_level,category_name,num_categories,order_month,year_month,total_orders,completed_orders,cancelled_orders,cancellation_rate,total_items_sold,total_revenue,avg_order_value,total_discount,unique_customers,paying_customers,revenue_rank,orders_rank,revenue_share_pct,orders_share_pct,revenue_quartile,monthly_orders,monthly_revenue,mom_growth_pct,first_order_date,last_order_date
category_monthly_trend,Baskom / Mangkok Besar,,2023-12-01,2023-12,,,,,,,,,,,,,,,,1,0,,,
category_monthly_trend,Plastik / Wadah Plastik,,2023-12-01,2023-12,,,,,,,,,,,,,,,,11,618165,,,
category_monthly_trend,Mangkok Sambal / Saus,,2023-12-01,2023-12,,,,,,,,,,,,,,,,89,3742061,,,
category_monthly_trend,Rak / Rak Serbaguna,,2023-12-01,2023-12,,,,,,,,,,,,,,,,24,1554718,,,
category_monthly_trend,Stempel / Alat Kantor,,2023-12-01,2023-12,,,,,,,,,,,,,,,,2,263960,,,
category_monthly_trend,Celengan,,2023-12-01,2023-12,,,,,,,,,,,,,,,,172,4682922,,,
category_monthly_trend,Toples / Sealware,,2023-12-01,2023-12,,,,,,,,,,,,,,,,6,345720,,,
category_monthly_trend,Tempat Nasi,,2023-12-01,2023-12,,,,,,,,,,,,,,,,1,13458,,,
category_monthly_trend,Lunch Box / Rantang,,2023-12-01,2023-12,,,,,,,,,,,,,,,,7,628744,,,
category_monthly_trend,Teko / Jug,,2023-12-01,2023-12,,,,,,,,,,,,,,,,3,48840,,,
category_monthly_trend,Nampan / Tray,,2023-12-01,2023-12,,,,,,,,,,,,,,,,8,744646,,,
category_monthly_trend,Saringan / Strainer,,2023-12-01,2023-12,,,,,,,,,,,,,,,,1,84830,,,
category_monthly_trend,Other,,2023-12-01,2023-12,,,,,,,,,,,,,,,,9,332748,,,
category_monthly_trend,Keranjang,,2023-12-01,2023-12,,,,,,,,,,,,,,,,10,598917,,,
category_monthly_trend,Peralatan Makan,,2023-12-01,2023-12,,,,,,,,,,,,,,,,4,129437,,,
category_monthly_trend,Seal / Baut / Roof,,2023-12-01,2023-12,,,,,,,,,,,,,,,,20,6490193,,,
category_monthly_trend,Toples / Sealware,,2024-01-01,2024-01,,,,,,,,,,,,,,,,5,154500,-55.31,,
category_monthly_trend,Peralatan Makan,,2024-01-01,2024-01,,,,,,,,,,,,,,,,1,25960,-79.94,,
category_monthly_trend,Mangkok Sambal / Saus,,2024-01-01,2024-01,,,,,,,,,,,,,,,,99,4553508,21.68,,
category_monthly_trend,Keranjang,,2024-01-01,2024-01,,,,,,,,,,,,,,,,13,399923,-33.23,,
category_monthly_trend,Plastik / Wadah Plastik,,2024-01-01,2024-01,,,,,,,,,,,,,,,,15,662464,7.17,,
category_monthly_trend,Tempat Nasi,,2024-01-01,2024-01,,,,,,,,,,,,,,,,1,21000,56.04,,
category_monthly_trend,Nampan / Tray,,2024-01-01,2024-01,,,,,,,,,,,,,,,,10,1900082,155.17,,
category_monthly_trend,Other,,2024-01-01,2024-01,,,,,,,,,,,,,,,,6,602329,81.02,,
category_monthly_trend,Lunch Box / Rantang,,2024-01-01,2024-01,,,,,,,,,,,,,,,,10,2051873,226.34,,
category_monthly_trend,Saringan / Strainer,,2024-01-01,2024-01,,,,,,,,,,,,,,,,2,167110,96.99,,
category_monthly_trend,Celengan,,2024-01-01,2024-01,,,,,,,,,,,,,,,,165,5004318,6.86,,
category_monthly_trend,Rak / Rak Serbaguna,,2024-01-01,2024-01,,,,,,,,,,,,,,,,28,1449460,-6.77,,
category_monthly_trend,Seal / Baut / Roof,,2024-01-01,2024-01,,,,,,,,,,,,,,,,18,4081473,-37.11,,
category_monthly_trend,Rak / Rak Serbaguna,,2024-02-01,2024-02,,,,,,,,,,,,,,,,28,2088270,44.07,,
category_monthly_trend,Nampan / Tray,,2024-02-01,2024-02,,,,,,,,,,,,,,,,3,943882,-50.32,,
category_monthly_trend,Baskom / Mangkok Besar,,2024-02-01,2024-02,,,,,,,,,,,,,,,,3,82210,,,
category_monthly_trend,Toples / Sealware,,2024-02-01,2024-02,,,,,,,,,,,,,,,,7,350780,127.04,,
category_monthly_trend,Saringan / Strainer,,2024-02-01,2024-02,,,,,,,,,,,,,,,,5,463528,177.38,,
category_monthly_trend,Celengan,,2024-02-01,2024-02,,,,,,,,,,,,,,,,165,5137953,2.67,,
category_monthly_trend,Peralatan Makan,,2024-02-01,2024-02,,,,,,,,,,,,,,,,1,120150,362.83,,
category_monthly_trend,Seal / Baut / Roof,,2024-02-01,2024-02,,,,,,,,,,,,,,,,8,3624460,-11.20,,
category_monthly_trend,Perlengkapan Packing,,2024-02-01,2024-02,,,,,,,,,,,,,,,,1,77000,,,
category_monthly_trend,Keranjang,,2024-02-01,2024-02,,,,,,,,,,,,,,,,13,859098,114.82,,
category_monthly_trend,Plastik / Wadah Plastik,,2024-02-01,2024-02,,,,,,,,,,,,,,,,19,366820,-44.63,,
category_monthly_trend,Lunch Box / Rantang,,2024-02-01,2024-02,,,,,,,,,,,,,,,,3,75320,-96.33,,
category_monthly_trend,Piring,,2024-02-01,2024-02,,,,,,,,,,,,,,,,1,57160,,,
category_monthly_trend,Other,,2024-02-01,2024-02,,,,,,,,,,,,,,,,10,682597,13.33,,
category_monthly_trend,Mangkok Sambal / Saus,,2024-02-01,2024-02,,,,,,,,,,,,,,,,71,3313499,-27.23,,
category_monthly_trend,Other,,2024-03-01,2024-03,,,,,,,,,,,,,,,,10,1780206,160.80,,
category_monthly_trend,Rak / Rak Serbaguna,,2024-03-01,2024-03,,,,,,,,,,,,,,,,19,1245888,-40.34,,
category_monthly_trend,Teko / Jug,,2024-03-01,2024-03,,,,,,,,,,,,,,,,3,99000,102.70,,
category_monthly_trend,Tempat Nasi,,2024-03-01,2024-03,,,,,,,,,,,,,,,,1,17120,-18.48,,
category_monthly_trend,Celengan,,2024-03-01,2024-03,,,,,,,,,,,,,,,,180,5220172,1.60,,
category_monthly_trend,Nampan / Tray,,2024-03-01,2024-03,,,,,,,,,,,,,,,,21,3842141,307.06,,
category_monthly_trend,Mangkok Sambal / Saus,,2024-03-01,2024-03,,,,,,,,,,,,,,,,91,4624442,39.56,,
category_monthly_trend,Saringan / Strainer,,2024-03-01,2024-03,,,,,,,,,,,,,,,,2,207790,-55.17,,
category_monthly_trend,Toples / Sealware,,2024-03-01,2024-03,,,,,,,,,,,,,,,,19,1145095,226.44,,
category_monthly_trend,Baskom / Mangkok Besar,,2024-03-01,2024-03,,,,,,,,,,,,,,,,2,26000,-68.37,,
category_monthly_trend,Lunch Box / Rantang,,2024-03-01,2024-03,,,,,,,,,,,,,,,,12,1610112,2037.70,,
category_monthly_trend,Keranjang,,2024-03-01,2024-03,,,,,,,,,,,,,,,,17,1111270,29.35,,
category_monthly_trend,Plastik / Wadah Plastik,,2024-03-01,2024-03,,,,,,,,,,,,,,,,8,546530,48.99,,
category_monthly_trend,Stempel / Alat Kantor,,2024-03-01,2024-03,,,,,,,,,,,,,,,,1,57992,-78.03,,
category_monthly_trend,Seal / Baut / Roof,,2024-03-01,2024-03,,,,,,,,,,,,,,,,11,4951538,36.61,,
category_monthly_trend,Stempel / Alat Kantor,,2024-04-01,2024-04,,,,,,,,,,,,,,,,5,390300,573.02,,
category_monthly_trend,Rak / Rak Serbaguna,,2024-04-01,2024-04,,,,,,,,,,,,,,,,26,1063048,-14.68,,
category_monthly_trend,Nampan / Tray,,2024-04-01,2024-04,,,,,,,,,,,,,,,,15,1872378,-51.27,,
category_monthly_trend,Celengan,,2024-04-01,2024-04,,,,,,,,,,,,,,,,270,7926625,51.85,,
category_monthly_trend,Lunch Box / Rantang,,2024-04-01,2024-04,,,,,,,,,,,,,,,,12,506071,-68.57,,
category_monthly_trend,Perlengkapan Packing,,2024-04-01,2024-04,,,,,,,,,,,,,,,,3,1313000,1605.19,,
category_monthly_trend,Plastik / Wadah Plastik,,2024-04-01,2024-04,,,,,,,,,,,,,,,,4,175540,-67.88,,
category_monthly_trend,Other,,2024-04-01,2024-04,,,,,,,,,,,,,,,,14,900551,-49.41,,
category_monthly_trend,Seal / Baut / Roof,,2024-04-01,2024-04,,,,,,,,,,,,,,,,1,177000,-96.43,,
category_monthly_trend,Teko / Jug,,2024-04-01,2024-04,,,,,,,,,,,,,,,,1,13459,-86.41,,
category_monthly_trend,Peralatan Makan,,2024-04-01,2024-04,,,,,,,,,,,,,,,,3,105940,-11.83,,
category_monthly_trend,Piring,,2024-04-01,2024-04,,,,,,,,,,,,,,,,3,155015,171.19,,
category_monthly_trend,Tempat Nasi,,2024-04-01,2024-04,,,,,,,,,,,,,,,,3,45280,164.49,,
category_monthly_trend,Mangkok Sambal / Saus,,2024-04-01,2024-04,,,,,,,,,,,,,,,,78,3923929,-15.15,,
category_monthly_trend,Toples / Sealware,,2024-04-01,2024-04,,,,,,,,,,,,,,,,3,122765,-89.28,,
category_monthly_trend,Keranjang,,2024-04-01,2024-04,,,,,,,,,,,,,,,,8,259092,-76.69,,
category_monthly_trend,Other,,2024-05-01,2024-05,,,,,,,,,,,,,,,,9,504925,-43.93,,
category_monthly_trend,Baskom / Mangkok Besar,,2024-05-01,2024-05,,,,,,,,,,,,,,,,2,31120,19.69,,
category_monthly_trend,Saringan / Strainer,,2024-05-01,2024-05,,,,,,,,,,,,,,,,5,303280,45.96,,
category_monthly_trend,Celengan,,2024-05-01,2024-05,,,,,,,,,,,,,,,,293,9340089,17.83,,
category_monthly_trend,Aksesoris Pintu,,2024-05-01,2024-05,,,,,,,,,,,,,,,,1,15040,,,
category_monthly_trend,Keranjang,,2024-05-01,2024-05,,,,,,,,,,,,,,,,10,472924,82.53,,
category_monthly_trend,Lunch Box / Rantang,,2024-05-01,2024-05,,,,,,,,,,,,,,,,24,1743736,244.56,,
category_monthly_trend,Teko / Jug,,2024-05-01,2024-05,,,,,,,,,,,,,,,,2,16600,23.34,,
category_monthly_trend,Rak / Rak Serbaguna,,2024-05-01,2024-05,,,,,,,,,,,,,,,,49,2143790,101.66,,
category_monthly_trend,Mangkok Sambal / Saus,,2024-05-01,2024-05,,,,,,,,,,,,,,,,108,4136121,5.41,,
category_monthly_trend,Seal / Baut / Roof,,2024-05-01,2024-05,,,,,,,,,,,,,,,,27,11233222,6246.45,,
category_monthly_trend,Nampan / Tray,,2024-05-01,2024-05,,,,,,,,,,,,,,,,12,741568,-60.39,,
category_monthly_trend,Tempat Nasi,,2024-05-01,2024-05,,,,,,,,,,,,,,,,4,100020,120.89,,
category_monthly_trend,Plastik / Wadah Plastik,,2024-05-01,2024-05,,,,,,,,,,,,,,,,2,78960,-55.02,,
category_monthly_trend,Peralatan Makan,,2024-05-01,2024-05,,,,,,,,,,,,,,,,3,57160,-46.04,,
category_monthly_trend,Perlengkapan Packing,,2024-05-01,2024-05,,,,,,,,,,,,,,,,4,593182,-54.82,,
category_monthly_trend,Plastik / Wadah Plastik,,2024-06-01,2024-06,,,,,,,,,,,,,,,,5,221982,181.13,,
category_monthly_trend,Keranjang,,2024-06-01,2024-06,,,,,,,,,,,,,,,,3,28296,-94.02,,
category_monthly_trend,Tempat Nasi,,2024-06-01,2024-06,,,,,,,,,,,,,,,,22,577652,477.54,,
category_monthly_trend,Other,,2024-06-01,2024-06,,,,,,,,,,,,,,,,11,592000,17.25,,
category_monthly_trend,Celengan,,2024-06-01,2024-06,,,,,,,,,,,,,,,,274,6267305,-32.90,,
category_monthly_trend,Perlengkapan Packing,,2024-06-01,2024-06,,,,,,,,,,,,,,,,3,334734,-43.57,,
category_monthly_trend,Peralatan Makan,,2024-06-01,2024-06,,,,,,,,,,,,,,,,1,9320,-83.69,,
category_monthly_trend,Mangkok Sambal / Saus,,2024-06-01,2024-06,,,,,,,,,,,,,,,,129,4920834,18.97,,
category_monthly_trend,Saringan / Strainer,,2024-06-01,2024-06,,,,,,,,,,,,,,,,2,2618,-99.14,,
category_monthly_trend,Lunch Box / Rantang,,2024-06-01,2024-06,,,,,,,,,,,,,,,,44,4028256,131.01,,
category_monthly_trend,Baskom / Mangkok Besar,,2024-06-01,2024-06,,,,,,,,,,,,,,,,4,84880,172.75,,
category_monthly_trend,Rak / Rak Serbaguna,,2024-06-01,2024-06,,,,,,,,,,,,,,,,32,1616672,-24.59,,
category_monthly_trend,Piring,,2024-06-01,2024-06,,,,,,,,,,,,,,,,1,50920,-67.15,,
category_monthly_trend,Toples / Sealware,,2024-06-01,2024-06,,,,,,,,,,,,,,,,3,214440,74.68,,
category_monthly_trend,Seal / Baut / Roof,,2024-06-01,2024-06,,,,,,,,,,,,,,,,19,6752053,-39.89,,
category_monthly_trend,Teko / Jug,,2024-06-01,2024-06,,,,,,,,,,,,,,,,8,200622,1108.57,,
category_monthly_trend,Nampan / Tray,,2024-06-01,2024-06,,,,,,,,,,,,,,,,13,2535739,241.94,,
category_monthly_trend,Aksesoris Pintu,,2024-06-01,2024-06,,,,,,,,,,,,,,,,59,772260,5034.71,,
category_monthly_trend,Piring,,2024-07-01,2024-07,,,,,,,,,,,,,,,,2,10320,-79.73,,
category_monthly_trend,Nampan / Tray,,2024-07-01,2024-07,,,,,,,,,,,,,,,,23,2081678,-17.91,,
category_monthly_trend,Rak / Rak Serbaguna,,2024-07-01,2024-07,,,,,,,,,,,,,,,,49,3206820,98.36,,
category_monthly_trend,Teko / Jug,,2024-07-01,2024-07,,,,,,,,,,,,,,,,47,2488185,1140.24,,
category_monthly_trend,Lunch Box / Rantang,,2024-07-01,2024-07,,,,,,,,,,,,,,,,52,6457581,60.31,,
category_monthly_trend,Perlengkapan Packing,,2024-07-01,2024-07,,,,,,,,,,,,,,,,8,1878554,461.21,,
category_monthly_trend,Other,,2024-07-01,2024-07,,,,,,,,,,,,,,,,26,2489067,320.45,,
category_monthly_trend,Seal / Baut / Roof,,2024-07-01,2024-07,,,,,,,,,,,,,,,,9,9451950,39.99,,
category_monthly_trend,Tempat Nasi,,2024-07-01,2024-07,,,,,,,,,,,,,,,,39,1619788,180.41,,
category_monthly_trend,Aksesoris Pintu,,2024-07-01,2024-07,,,,,,,,,,,,,,,,155,1575867,104.06,,
category_monthly_trend,Plastik / Wadah Plastik,,2024-07-01,2024-07,,,,,,,,,,,,,,,,3,313284,41.13,,
category_monthly_trend,Pengolah Bumbu / Sayur,,2024-07-01,2024-07,,,,,,,,,,,,,,,,20,776225,,,
category_monthly_trend,Saringan / Strainer,,2024-07-01,2024-07,,,,,,,,,,,,,,,,17,318324,12059.05,,
category_monthly_trend,Toples / Sealware,,2024-07-01,2024-07,,,,,,,,,,,,,,,,3,87720,-59.09,,
category_monthly_trend,Mangkok Sambal / Saus,,2024-07-01,2024-07,,,,,,,,,,,,,,,,196,7881300,60.16,,
category_monthly_trend,Keranjang,,2024-07-01,2024-07,,,,,,,,,,,,,,,,16,977412,3354.24,,
category_monthly_trend,Stempel / Alat Kantor,,2024-07-01,2024-07,,,,,,,,,,,,,,,,3,270260,-30.76,,
category_monthly_trend,Celengan,,2024-07-01,2024-07,,,,,,,,,,,,,,,,404,11867966,89.36,,
category_monthly_trend,Peralatan Makan,,2024-07-01,2024-07,,,,,,,,,,,,,,,,7,284976,2957.68,,
category_monthly_trend,Baskom / Mangkok Besar,,2024-07-01,2024-07,,,,,,,,,,,,,,,,15,727551,757.15,,
category_monthly_trend,Toples / Sealware,,2024-08-01,2024-08,,,,,,,,,,,,,,,,2,18403,-79.02,,
category_monthly_trend,Baskom / Mangkok Besar,,2024-08-01,2024-08,,,,,,,,,,,,,,,,55,3769712,418.14,,
category_monthly_trend,Celengan,,2024-08-01,2024-08,,,,,,,,,,,,,,,,423,12704249,7.05,,
category_monthly_trend,Keranjang,,2024-08-01,2024-08,,,,,,,,,,,,,,,,24,680019,-30.43,,
category_monthly_trend,Lunch Box / Rantang,,2024-08-01,2024-08,,,,,,,,,,,,,,,,39,3043882,-52.86,,
category_monthly_trend,Mangkok Sambal / Saus,,2024-08-01,2024-08,,,,,,,,,,,,,,,,159,5999319,-23.88,,
category_monthly_trend,Nampan / Tray,,2024-08-01,2024-08,,,,,,,,,,,,,,,,23,3305647,58.80,,
category_monthly_trend,Other,,2024-08-01,2024-08,,,,,,,,,,,,,,,,34,4881606,96.12,,
category_monthly_trend,Pengolah Bumbu / Sayur,,2024-08-01,2024-08,,,,,,,,,,,,,,,,44,647781,-16.55,,
category_monthly_trend,Peralatan Makan,,2024-08-01,2024-08,,,,,,,,,,,,,,,,24,1216629,326.92,,
category_monthly_trend,Perlengkapan Packing,,2024-08-01,2024-08,,,,,,,,,,,,,,,,9,1497320,-20.29,,
category_monthly_trend,Piring,,2024-08-01,2024-08,,,,,,,,,,,,,,,,2,41800,305.04,,
category_monthly_trend,Tempat Nasi,,2024-08-01,2024-08,,,,,,,,,,,,,,,,30,637334,-60.65,,
category_monthly_trend,Aksesoris Pintu,,2024-08-01,2024-08,,,,,,,,,,,,,,,,138,1543344,-2.06,,
category_monthly_trend,Teko / Jug,,2024-08-01,2024-08,,,,,,,,,,,,,,,,29,1081366,-56.54,,
category_monthly_trend,Rak / Rak Serbaguna,,2024-08-01,2024-08,,,,,,,,,,,,,,,,28,1564286,-51.22,,
category_monthly_trend,Stempel / Alat Kantor,,2024-08-01,2024-08,,,,,,,,,,,,,,,,4,195790,-27.55,,
category_monthly_trend,Saringan / Strainer,,2024-08-01,2024-08,,,,,,,,,,,,,,,,38,746976,134.66,,
category_monthly_trend,Seal / Baut / Roof,,2024-08-01,2024-08,,,,,,,,,,,,,,,,27,12379565,30.97,,
category_monthly_trend,Keranjang,,2024-09-01,2024-09,,,,,,,,,,,,,,,,22,389998,-42.65,,
category_monthly_trend,Piring,,2024-09-01,2024-09,,,,,,,,,,,,,,,,8,1490728,3466.33,,
category_monthly_trend,Mangkok Sambal / Saus,,2024-09-01,2024-09,,,,,,,,,,,,,,,,146,6199323,3.33,,
category_monthly_trend,Rak / Rak Serbaguna,,2024-09-01,2024-09,,,,,,,,,,,,,,,,22,1178776,-24.64,,
category_monthly_trend,Lunch Box / Rantang,,2024-09-01,2024-09,,,,,,,,,,,,,,,,40,2409917,-20.83,,
category_monthly_trend,Teko / Jug,,2024-09-01,2024-09,,,,,,,,,,,,,,,,12,517161,-52.18,,
category_monthly_trend,Peralatan Makan,,2024-09-01,2024-09,,,,,,,,,,,,,,,,23,1110385,-8.73,,
category_monthly_trend,Aksesoris Pintu,,2024-09-01,2024-09,,,,,,,,,,,,,,,,93,1287291,-16.59,,
category_monthly_trend,Pengolah Bumbu / Sayur,,2024-09-01,2024-09,,,,,,,,,,,,,,,,3,243240,-62.45,,
category_monthly_trend,Saringan / Strainer,,2024-09-01,2024-09,,,,,,,,,,,,,,,,35,689769,-7.66,,
category_monthly_trend,Baskom / Mangkok Besar,,2024-09-01,2024-09,,,,,,,,,,,,,,,,119,8597366,128.06,,
category_monthly_trend,Plastik / Wadah Plastik,,2024-09-01,2024-09,,,,,,,,,,,,,,,,3,80702,-74.24,,
category_monthly_trend,Celengan,,2024-09-01,2024-09,,,,,,,,,,,,,,,,298,7223397,-43.14,,
category_monthly_trend,Perlengkapan Packing,,2024-09-01,2024-09,,,,,,,,,,,,,,,,6,660220,-55.91,,
category_monthly_trend,Tempat Nasi,,2024-09-01,2024-09,,,,,,,,,,,,,,,,38,929673,45.87,,
category_monthly_trend,Seal / Baut / Roof,,2024-09-01,2024-09,,,,,,,,,,,,,,,,21,21659513,74.96,,
category_monthly_trend,Other,,2024-09-01,2024-09,,,,,,,,,,,,,,,,28,3157841,-35.31,,
category_monthly_trend,Nampan / Tray,,2024-09-01,2024-09,,,,,,,,,,,,,,,,31,4386812,32.71,,
category_monthly_trend,Stempel / Alat Kantor,,2024-09-01,2024-09,,,,,,,,,,,,,,,,5,345445,76.44,,
category_monthly_trend,Celengan,,2024-10-01,2024-10,,,,,,,,,,,,,,,,205,5031426,-30.35,,
category_monthly_trend,Plastik / Wadah Plastik,,2024-10-01,2024-10,,,,,,,,,,,,,,,,8,389799,383.01,,
category_monthly_trend,Toples / Sealware,,2024-10-01,2024-10,,,,,,,,,,,,,,,,4,177335,863.62,,
category_monthly_trend,Mangkok Sambal / Saus,,2024-10-01,2024-10,,,,,,,,,,,,,,,,185,6018386,-2.92,,
category_monthly_trend,Perlengkapan Packing,,2024-10-01,2024-10,,,,,,,,,,,,,,,,9,1245958,88.72,,
category_monthly_trend,Baskom / Mangkok Besar,,2024-10-01,2024-10,,,,,,,,,,,,,,,,133,8055494,-6.30,,
category_monthly_trend,Keranjang,,2024-10-01,2024-10,,,,,,,,,,,,,,,,22,519719,33.26,,
category_monthly_trend,Aksesoris Pintu,,2024-10-01,2024-10,,,,,,,,,,,,,,,,92,1194879,-7.18,,
category_monthly_trend,Lunch Box / Rantang,,2024-10-01,2024-10,,,,,,,,,,,,,,,,48,4054212,68.23,,
category_monthly_trend,Peralatan Makan,,2024-10-01,2024-10,,,,,,,,,,,,,,,,13,1006948,-9.32,,
category_monthly_trend,Teko / Jug,,2024-10-01,2024-10,,,,,,,,,,,,,,,,18,933986,80.60,,
category_monthly_trend,Seal / Baut / Roof,,2024-10-01,2024-10,,,,,,,,,,,,,,,,24,12900723,-40.44,,
category_monthly_trend,Tempat Nasi,,2024-10-01,2024-10,,,,,,,,,,,,,,,,60,1301066,39.95,,
category_monthly_trend,Nampan / Tray,,2024-10-01,2024-10,,,,,,,,,,,,,,,,89,6503374,48.25,,
category_monthly_trend,Saringan / Strainer,,2024-10-01,2024-10,,,,,,,,,,,,,,,,19,566531,-17.87,,
category_monthly_trend,Piring,,2024-10-01,2024-10,,,,,,,,,,,,,,,,14,457771,-69.29,,
category_monthly_trend,Pengolah Bumbu / Sayur,,2024-10-01,2024-10,,,,,,,,,,,,,,,,21,3592355,1376.88,,
category_monthly_trend,Stempel / Alat Kantor,,2024-10-01,2024-10,,,,,,,,,,,,,,,,8,986592,185.60,,
category_monthly_trend,Other,,2024-10-01,2024-10,,,,,,,,,,,,,,,,26,3217517,1.89,,
category_monthly_trend,Rak / Rak Serbaguna,,2024-10-01,2024-10,,,,,,,,,,,,,,,,24,888518,-24.62,,
category_monthly_trend,Celengan,,2024-11-01,2024-11,,,,,,,,,,,,,,,,195,5206199,3.47,,
category_monthly_trend,Toples / Sealware,,2024-11-01,2024-11,,,,,,,,,,,,,,,,10,164991,-6.96,,
category_monthly_trend,Peralatan Makan,,2024-11-01,2024-11,,,,,,,,,,,,,,,,21,1490844,48.06,,
category_monthly_trend,Pengolah Bumbu / Sayur,,2024-11-01,2024-11,,,,,,,,,,,,,,,,14,499547,-86.09,,
category_monthly_trend,Plastik / Wadah Plastik,,2024-11-01,2024-11,,,,,,,,,,,,,,,,4,388440,-0.35,,
category_monthly_trend,Other,,2024-11-01,2024-11,,,,,,,,,,,,,,,,17,1602036,-50.21,,
category_monthly_trend,Tempat Nasi,,2024-11-01,2024-11,,,,,,,,,,,,,,,,45,1256520,-3.42,,
category_monthly_trend,Saringan / Strainer,,2024-11-01,2024-11,,,,,,,,,,,,,,,,36,951494,67.95,,
category_monthly_trend,Nampan / Tray,,2024-11-01,2024-11,,,,,,,,,,,,,,,,35,2296301,-64.69,,
category_monthly_trend,Mangkok Sambal / Saus,,2024-11-01,2024-11,,,,,,,,,,,,,,,,213,7320389,21.63,,
category_monthly_trend,Teko / Jug,,2024-11-01,2024-11,,,,,,,,,,,,,,,,14,527829,-43.49,,
category_monthly_trend,Aksesoris Pintu,,2024-11-01,2024-11,,,,,,,,,,,,,,,,124,1733997,45.12,,
category_monthly_trend,Lunch Box / Rantang,,2024-11-01,2024-11,,,,,,,,,,,,,,,,13,1994370,-50.81,,
category_monthly_trend,Keranjang,,2024-11-01,2024-11,,,,,,,,,,,,,,,,19,558396,7.44,,
category_monthly_trend,Rak / Rak Serbaguna,,2024-11-01,2024-11,,,,,,,,,,,,,,,,18,915887,3.08,,
category_monthly_trend,Stempel / Alat Kantor,,2024-11-01,2024-11,,,,,,,,,,,,,,,,4,152240,-84.57,,
category_monthly_trend,Perlengkapan Packing,,2024-11-01,2024-11,,,,,,,,,,,,,,,,3,828200,-33.53,,
category_monthly_trend,Baskom / Mangkok Besar,,2024-11-01,2024-11,,,,,,,,,,,,,,,,76,5510199,-31.60,,
category_monthly_trend,Seal / Baut / Roof,,2024-11-01,2024-11,,,,,,,,,,,,,,,,36,13814686,7.08,,
category_monthly_trend,Piring,,2024-11-01,2024-11,,,,,,,,,,,,,,,,10,613224,33.96,,
category_monthly_trend,Perlengkapan Packing,,2024-12-01,2024-12,,,,,,,,,,,,,,,,1,443000,-46.51,,
category_monthly_trend,Mangkok Sambal / Saus,,2024-12-01,2024-12,,,,,,,,,,,,,,,,207,7382271,0.85,,
category_monthly_trend,Other,,2024-12-01,2024-12,,,,,,,,,,,,,,,,20,3211006,100.43,,
category_monthly_trend,Plastik / Wadah Plastik,,2024-12-01,2024-12,,,,,,,,,,,,,,,,6,443435,14.16,,
category_monthly_trend,Saringan / Strainer,,2024-12-01,2024-12,,,,,,,,,,,,,,,,34,1353067,42.20,,
category_monthly_trend,Nampan / Tray,,2024-12-01,2024-12,,,,,,,,,,,,,,,,27,3463985,50.85,,
category_monthly_trend,Pengolah Bumbu / Sayur,,2024-12-01,2024-12,,,,,,,,,,,,,,,,8,335023,-32.93,,
category_monthly_trend,Celengan,,2024-12-01,2024-12,,,,,,,,,,,,,,,,368,9196765,76.65,,
category_monthly_trend,Piring,,2024-12-01,2024-12,,,,,,,,,,,,,,,,8,298497,-51.32,,
category_monthly_trend,Seal / Baut / Roof,,2024-12-01,2024-12,,,,,,,,,,,,,,,,37,13771363,-0.31,,
category_monthly_trend,Rak / Rak Serbaguna,,2024-12-01,2024-12,,,,,,,,,,,,,,,,5,225588,-75.37,,
category_monthly_trend,Peralatan Makan,,2024-12-01,2024-12,,,,,,,,,,,,,,,,22,888520,-40.40,,
category_monthly_trend,Lunch Box / Rantang,,2024-12-01,2024-12,,,,,,,,,,,,,,,,24,3220227,61.47,,
category_monthly_trend,Tempat Nasi,,2024-12-01,2024-12,,,,,,,,,,,,,,,,54,1396124,11.11,,
category_monthly_trend,Teko / Jug,,2024-12-01,2024-12,,,,,,,,,,,,,,,,7,402876,-23.67,,
category_monthly_trend,Stempel / Alat Kantor,,2024-12-01,2024-12,,,,,,,,,,,,,,,,12,575764,278.19,,
category_monthly_trend,Baskom / Mangkok Besar,,2024-12-01,2024-12,,,,,,,,,,,,,,,,32,1530155,-72.23,,
category_monthly_trend,Keranjang,,2024-12-01,2024-12,,,,,,,,,,,,,,,,26,498848,-10.66,,
category_monthly_trend,Toples / Sealware,,2024-12-01,2024-12,,,,,,,,,,,,,,,,2,41500,-74.85,,
category_monthly_trend,Aksesoris Pintu,,2024-12-01,2024-12,,,,,,,,,,,,,,,,181,2656184,53.18,,
category_monthly_trend,Piring,,2025-01-01,2025-01,,,,,,,,,,,,,,,,9,688119,130.53,,
category_monthly_trend,Lunch Box / Rantang,,2025-01-01,2025-01,,,,,,,,,,,,,,,,26,1220082,-62.11,,
category_monthly_trend,Toples / Sealware,,2025-01-01,2025-01,,,,,,,,,,,,,,,,10,253104,509.89,,
category_monthly_trend,Rak / Rak Serbaguna,,2025-01-01,2025-01,,,,,,,,,,,,,,,,29,1193896,429.24,,
category_monthly_trend,Mangkok Sambal / Saus,,2025-01-01,2025-01,,,,,,,,,,,,,,,,139,5648201,-23.49,,
category_monthly_trend,Celengan,,2025-01-01,2025-01,,,,,,,,,,,,,,,,327,8880713,-3.44,,
category_monthly_trend,Stempel / Alat Kantor,,2025-01-01,2025-01,,,,,,,,,,,,,,,,2,0,-100.00,,
category_monthly_trend,Plastik / Wadah Plastik,,2025-01-01,2025-01,,,,,,,,,,,,,,,,4,136164,-69.29,,
category_monthly_trend,Nampan / Tray,,2025-01-01,2025-01,,,,,,,,,,,,,,,,29,2345319,-32.29,,
category_monthly_trend,Baskom / Mangkok Besar,,2025-01-01,2025-01,,,,,,,,,,,,,,,,17,953581,-37.68,,
category_monthly_trend,Saringan / Strainer,,2025-01-01,2025-01,,,,,,,,,,,,,,,,31,622435,-54.00,,
category_monthly_trend,Tempat Nasi,,2025-01-01,2025-01,,,,,,,,,,,,,,,,44,864915,-38.05,,
category_monthly_trend,Aksesoris Pintu,,2025-01-01,2025-01,,,,,,,,,,,,,,,,178,3003402,13.07,,
category_monthly_trend,Other,,2025-01-01,2025-01,,,,,,,,,,,,,,,,33,2314916,-27.91,,
category_monthly_trend,Pengolah Bumbu / Sayur,,2025-01-01,2025-01,,,,,,,,,,,,,,,,8,315860,-5.72,,
category_monthly_trend,Seal / Baut / Roof,,2025-01-01,2025-01,,,,,,,,,,,,,,,,23,12629020,-8.30,,
category_monthly_trend,Perlengkapan Packing,,2025-01-01,2025-01,,,,,,,,,,,,,,,,3,270100,-39.03,,
category_monthly_trend,Peralatan Makan,,2025-01-01,2025-01,,,,,,,,,,,,,,,,8,3080710,246.72,,
category_monthly_trend,Teko / Jug,,2025-01-01,2025-01,,,,,,,,,,,,,,,,8,277875,-31.03,,
category_monthly_trend,Keranjang,,2025-01-01,2025-01,,,,,,,,,,,,,,,,63,1204663,141.49,,
category_monthly_trend,Stempel / Alat Kantor,,2025-02-01,2025-02,,,,,,,,,,,,,,,,3,411900,,,
category_monthly_trend,Toples / Sealware,,2025-02-01,2025-02,,,,,,,,,,,,,,,,3,227265,-10.21,,
category_monthly_trend,Tempat Nasi,,2025-02-01,2025-02,,,,,,,,,,,,,,,,29,748267,-13.49,,
category_monthly_trend,Teko / Jug,,2025-02-01,2025-02,,,,,,,,,,,,,,,,12,685380,146.65,,
category_monthly_trend,Seal / Baut / Roof,,2025-02-01,2025-02,,,,,,,,,,,,,,,,41,17564221,39.08,,
category_monthly_trend,Saringan / Strainer,,2025-02-01,2025-02,,,,,,,,,,,,,,,,45,1035383,66.34,,
category_monthly_trend,Rak / Rak Serbaguna,,2025-02-01,2025-02,,,,,,,,,,,,,,,,41,2459694,106.02,,
category_monthly_trend,Plastik / Wadah Plastik,,2025-02-01,2025-02,,,,,,,,,,,,,,,,2,76100,-44.11,,
category_monthly_trend,Piring,,2025-02-01,2025-02,,,,,,,,,,,,,,,,14,535584,-22.17,,
category_monthly_trend,Perlengkapan Packing,,2025-02-01,2025-02,,,,,,,,,,,,,,,,4,406200,50.39,,
category_monthly_trend,Peralatan Makan,,2025-02-01,2025-02,,,,,,,,,,,,,,,,6,165052,-94.64,,
category_monthly_trend,Pengolah Bumbu / Sayur,,2025-02-01,2025-02,,,,,,,,,,,,,,,,6,253535,-19.73,,
category_monthly_trend,Other,,2025-02-01,2025-02,,,,,,,,,,,,,,,,62,3650625,57.70,,
category_monthly_trend,Nampan / Tray,,2025-02-01,2025-02,,,,,,,,,,,,,,,,29,4428665,88.83,,
category_monthly_trend,Mangkok Sambal / Saus,,2025-02-01,2025-02,,,,,,,,,,,,,,,,128,4683230,-17.08,,
category_monthly_trend,Lunch Box / Rantang,,2025-02-01,2025-02,,,,,,,,,,,,,,,,24,1053032,-13.69,,
category_monthly_trend,Keranjang,,2025-02-01,2025-02,,,,,,,,,,,,,,,,36,578156,-52.01,,
category_monthly_trend,Celengan,,2025-02-01,2025-02,,,,,,,,,,,,,,,,203,5049041,-43.15,,
category_monthly_trend,Baskom / Mangkok Besar,,2025-02-01,2025-02,,,,,,,,,,,,,,,,14,556730,-41.62,,
category_monthly_trend,Aksesoris Pintu,,2025-02-01,2025-02,,,,,,,,,,,,,,,,140,2165219,-27.91,,
category_monthly_trend,Aksesoris Pintu,,2025-03-01,2025-03,,,,,,,,,,,,,,,,96,1324518,-38.83,,
category_monthly_trend,Piring,,2025-03-01,2025-03,,,,,,,,,,,,,,,,14,2540000,374.25,,
category_monthly_trend,Lunch Box / Rantang,,2025-03-01,2025-03,,,,,,,,,,,,,,,,21,1437216,36.48,,
category_monthly_trend,Pengolah Bumbu / Sayur,,2025-03-01,2025-03,,,,,,,,,,,,,,,,3,82180,-67.59,,
category_monthly_trend,Stempel / Alat Kantor,,2025-03-01,2025-03,,,,,,,,,,,,,,,,5,692935,68.23,,
category_monthly_trend,Peralatan Makan,,2025-03-01,2025-03,,,,,,,,,,,,,,,,2,17400,-89.46,,
category_monthly_trend,Other,,2025-03-01,2025-03,,,,,,,,,,,,,,,,49,1801755,-50.65,,
category_monthly_trend,Celengan,,2025-03-01,2025-03,,,,,,,,,,,,,,,,80,2141627,-57.58,,
category_monthly_trend,Tempat Nasi,,2025-03-01,2025-03,,,,,,,,,,,,,,,,32,741850,-0.86,,
category_monthly_trend,Keranjang,,2025-03-01,2025-03,,,,,,,,,,,,,,,,9,131189,-77.31,,
category_monthly_trend,Baskom / Mangkok Besar,,2025-03-01,2025-03,,,,,,,,,,,,,,,,29,2115813,280.04,,
category_monthly_trend,Plastik / Wadah Plastik,,2025-03-01,2025-03,,,,,,,,,,,,,,,,7,355845,367.60,,
category_monthly_trend,Nampan / Tray,,2025-03-01,2025-03,,,,,,,,,,,,,,,,44,7362481,66.25,,
category_monthly_trend,Mangkok Sambal / Saus,,2025-03-01,2025-03,,,,,,,,,,,,,,,,40,1774118,-62.12,,
category_monthly_trend,Toples / Sealware,,2025-03-01,2025-03,,,,,,,,,,,,,,,,38,1680976,639.65,,
category_monthly_trend,Seal / Baut / Roof,,2025-03-01,2025-03,,,,,,,,,,,,,,,,21,13173614,-25.00,,
category_monthly_trend,Teko / Jug,,2025-03-01,2025-03,,,,,,,,,,,,,,,,12,446465,-34.86,,
category_monthly_trend,Rak / Rak Serbaguna,,2025-03-01,2025-03,,,,,,,,,,,,,,,,23,1220055,-50.40,,
category_monthly_trend,Baskom / Mangkok Besar,,2025-04-01,2025-04,,,,,,,,,,,,,,,,20,626350,-70.40,,
category_monthly_trend,Rak / Rak Serbaguna,,2025-04-01,2025-04,,,,,,,,,,,,,,,,24,940812,-22.89,,
category_monthly_trend,Seal / Baut / Roof,,2025-04-01,2025-04,,,,,,,,,,,,,,,,26,10530189,-20.07,,
category_monthly_trend,Saringan / Strainer,,2025-04-01,2025-04,,,,,,,,,,,,,,,,2,67897,-93.44,,
category_monthly_trend,Aksesoris Pintu,,2025-04-01,2025-04,,,,,,,,,,,,,,,,109,1666733,25.84,,
category_monthly_trend,Perlengkapan Packing,,2025-04-01,2025-04,,,,,,,,,,,,,,,,2,571593,40.72,,
category_monthly_trend,Stempel / Alat Kantor,,2025-04-01,2025-04,,,,,,,,,,,,,,,,7,102019,-85.28,,
category_monthly_trend,Lunch Box / Rantang,,2025-04-01,2025-04,,,,,,,,,,,,,,,,24,1670982,16.27,,
category_monthly_trend,Teko / Jug,,2025-04-01,2025-04,,,,,,,,,,,,,,,,8,389076,-12.85,,
category_monthly_trend,Nampan / Tray,,2025-04-01,2025-04,,,,,,,,,,,,,,,,42,2373835,-67.76,,
category_monthly_trend,Pengolah Bumbu / Sayur,,2025-04-01,2025-04,,,,,,,,,,,,,,,,5,273232,232.48,,
category_monthly_trend,Plastik / Wadah Plastik,,2025-04-01,2025-04,,,,,,,,,,,,,,,,2,16600,-95.34,,
category_monthly_trend,Keranjang,,2025-04-01,2025-04,,,,,,,,,,,,,,,,41,621983,374.11,,
category_monthly_trend,Tempat Nasi,,2025-04-01,2025-04,,,,,,,,,,,,,,,,21,343039,-53.76,,
category_monthly_trend,Mangkok Sambal / Saus,,2025-04-01,2025-04,,,,,,,,,,,,,,,,105,3652410,105.87,,
category_monthly_trend,Celengan,,2025-04-01,2025-04,,,,,,,,,,,,,,,,232,5218075,143.65,,
category_monthly_trend,Toples / Sealware,,2025-04-01,2025-04,,,,,,,,,,,,,,,,1,14468,-99.14,,
category_monthly_trend,Peralatan Makan,,2025-04-01,2025-04,,,,,,,,,,,,,,,,3,58000,233.33,,
category_monthly_trend,Other,,2025-04-01,2025-04,,,,,,,,,,,,,,,,31,1837772,2.00,,
category_monthly_trend,Piring,,2025-04-01,2025-04,,,,,,,,,,,,,,,,14,426870,-83.19,,
category_monthly_trend,Aksesoris Pintu,,2025-05-01,2025-05,,,,,,,,,,,,,,,,192,2428140,45.68,,
category_monthly_trend,Keranjang,,2025-05-01,2025-05,,,,,,,,,,,,,,,,50,1082428,74.03,,
category_monthly_trend,Pengolah Bumbu / Sayur,,2025-05-01,2025-05,,,,,,,,,,,,,,,,3,104700,-61.68,,
category_monthly_trend,Teko / Jug,,2025-05-01,2025-05,,,,,,,,,,,,,,,,6,274817,-29.37,,
category_monthly_trend,Lunch Box / Rantang,,2025-05-01,2025-05,,,,,,,,,,,,,,,,30,1966741,17.70,,
category_monthly_trend,Toples / Sealware,,2025-05-01,2025-05,,,,,,,,,,,,,,,,2,67400,365.86,,
category_monthly_trend,Rak / Rak Serbaguna,,2025-05-01,2025-05,,,,,,,,,,,,,,,,36,2331058,147.77,,
category_monthly_trend,Perlengkapan Packing,,2025-05-01,2025-05,,,,,,,,,,,,,,,,5,237000,-58.54,,
category_monthly_trend,Stempel / Alat Kantor,,2025-05-01,2025-05,,,,,,,,,,,,,,,,13,336188,229.53,,
category_monthly_trend,Peralatan Makan,,2025-05-01,2025-05,,,,,,,,,,,,,,,,7,122516,111.23,,
category_monthly_trend,Seal / Baut / Roof,,2025-05-01,2025-05,,,,,,,,,,,,,,,,25,8453825,-19.72,,
category_monthly_trend,Mangkok Sambal / Saus,,2025-05-01,2025-05,,,,,,,,,,,,,,,,96,2594286,-28.97,,
category_monthly_trend,Piring,,2025-05-01,2025-05,,,,,,,,,,,,,,,,27,273207,-36.00,,
category_monthly_trend,Plastik / Wadah Plastik,,2025-05-01,2025-05,,,,,,,,,,,,,,,,1,9320,-43.86,,
category_monthly_trend,Nampan / Tray,,2025-05-01,2025-05,,,,,,,,,,,,,,,,56,2130849,-10.24,,
category_monthly_trend,Baskom / Mangkok Besar,,2025-05-01,2025-05,,,,,,,,,,,,,,,,16,487223,-22.21,,
category_monthly_trend,Tempat Nasi,,2025-05-01,2025-05,,,,,,,,,,,,,,,,3,26836,-92.18,,
category_monthly_trend,Other,,2025-05-01,2025-05,,,,,,,,,,,,,,,,29,810163,-55.92,,
category_monthly_trend,Celengan,,2025-05-01,2025-05,,,,,,,,,,,,,,,,132,2734988,-47.59,,
category_monthly_trend,Lunch Box / Rantang,,2025-06-01,2025-06,,,,,,,,,,,,,,,,14,2586381,31.51,,
category_monthly_trend,Nampan / Tray,,2025-06-01,2025-06,,,,,,,,,,,,,,,,112,3385305,58.87,,
category_monthly_trend,Stempel / Alat Kantor,,2025-06-01,2025-06,,,,,,,,,,,,,,,,7,483067,43.69,,
category_monthly_trend,Teko / Jug,,2025-06-01,2025-06,,,,,,,,,,,,,,,,2,0,-100.00,,
category_monthly_trend,Plastik / Wadah Plastik,,2025-06-01,2025-06,,,,,,,,,,,,,,,,5,75704,712.27,,
category_monthly_trend,Aksesoris Pintu,,2025-06-01,2025-06,,,,,,,,,,,,,,,,176,2266625,-6.65,,
category_monthly_trend,Tempat Nasi,,2025-06-01,2025-06,,,,,,,,,,,,,,,,8,372900,1289.55,,
category_monthly_trend,Rak / Rak Serbaguna,,2025-06-01,2025-06,,,,,,,,,,,,,,,,21,1344476,-42.32,,
category_monthly_trend,Piring,,2025-06-01,2025-06,,,,,,,,,,,,,,,,2,19000,-93.05,,
category_monthly_trend,Toples / Sealware,,2025-06-01,2025-06,,,,,,,,,,,,,,,,1,0,-100.00,,
category_monthly_trend,Seal / Baut / Roof,,2025-06-01,2025-06,,,,,,,,,,,,,,,,49,13998869,65.59,,
category_monthly_trend,Perlengkapan Packing,,2025-06-01,2025-06,,,,,,,,,,,,,,,,3,136000,-42.62,,
category_monthly_trend,Saringan / Strainer,,2025-06-01,2025-06,,,,,,,,,,,,,,,,1,92625,36.42,,
category_monthly_trend,Baskom / Mangkok Besar,,2025-06-01,2025-06,,,,,,,,,,,,,,,,6,144900,-70.26,,
category_monthly_trend,Peralatan Makan,,2025-06-01,2025-06,,,,,,,,,,,,,,,,4,64265,-47.55,,
category_monthly_trend,Celengan,,2025-06-01,2025-06,,,,,,,,,,,,,,,,62,1420653,-48.06,,
category_monthly_trend,Keranjang,,2025-06-01,2025-06,,,,,,,,,,,,,,,,24,577128,-46.68,,
category_monthly_trend,Pengolah Bumbu / Sayur,,2025-06-01,2025-06,,,,,,,,,,,,,,,,2,42000,-59.89,,
category_monthly_trend,Other,,2025-06-01,2025-06,,,,,,,,,,,,,,,,7,72400,-91.06,,
category_monthly_trend,Mangkok Sambal / Saus,,2025-06-01,2025-06,,,,,,,,,,,,,,,,25,602960,-76.76,,
category_monthly_trend,Stempel / Alat Kantor,,2025-07-01,2025-07,,,,,,,,,,,,,,,,10,364040,-24.64,,
category_monthly_trend,Baskom / Mangkok Besar,,2025-07-01,2025-07,,,,,,,,,,,,,,,,6,126203,-12.90,,
category_monthly_trend,Mangkok Sambal / Saus,,2025-07-01,2025-07,,,,,,,,,,,,,,,,149,4983049,726.43,,
category_monthly_trend,Peralatan Makan,,2025-07-01,2025-07,,,,,,,,,,,,,,,,6,187336,191.51,,
category_monthly_trend,Plastik / Wadah Plastik,,2025-07-01,2025-07,,,,,,,,,,,,,,,,3,56836,-24.92,,
category_monthly_trend,Nampan / Tray,,2025-07-01,2025-07,,,,,,,,,,,,,,,,141,7006939,106.98,,
category_monthly_trend,Keranjang,,2025-07-01,2025-07,,,,,,,,,,,,,,,,20,311735,-45.99,,
category_monthly_trend,Toples / Sealware,,2025-07-01,2025-07,,,,,,,,,,,,,,,,2,12500,,,
category_monthly_trend,Aksesoris Pintu,,2025-07-01,2025-07,,,,,,,,,,,,,,,,175,2301552,1.54,,
category_monthly_trend,Lunch Box / Rantang,,2025-07-01,2025-07,,,,,,,,,,,,,,,,13,291495,-88.73,,
category_monthly_trend,Pengolah Bumbu / Sayur,,2025-07-01,2025-07,,,,,,,,,,,,,,,,6,344400,720.00,,
category_monthly_trend,Tempat Nasi,,2025-07-01,2025-07,,,,,,,,,,,,,,,,3,40900,-89.03,,
category_monthly_trend,Seal / Baut / Roof,,2025-07-01,2025-07,,,,,,,,,,,,,,,,49,15799842,12.87,,
category_monthly_trend,Rak / Rak Serbaguna,,2025-07-01,2025-07,,,,,,,,,,,,,,,,14,785280,-41.59,,
category_monthly_trend,Other,,2025-07-01,2025-07,,,,,,,,,,,,,,,,9,577720,697.96,,
category_monthly_trend,Piring,,2025-07-01,2025-07,,,,,,,,,,,,,,,,3,59200,211.58,,
category_monthly_trend,Teko / Jug,,2025-07-01,2025-07,,,,,,,,,,,,,,,,1,17000,,,
category_monthly_trend,Perlengkapan Packing,,2025-07-01,2025-07,,,,,,,,,,,,,,,,5,346300,154.63,,
category_monthly_trend,Celengan,,2025-07-01,2025-07,,,,,,,,,,,,,,,,63,4869713,242.78,,
category_monthly_trend,Rak / Rak Serbaguna,,2025-08-01,2025-08,,,,,,,,,,,,,,,,12,745058,-5.12,,
category_monthly_trend,Lunch Box / Rantang,,2025-08-01,2025-08,,,,,,,,,,,,,,,,23,1669585,472.77,,
category_monthly_trend,Seal / Baut / Roof,,2025-08-01,2025-08,,,,,,,,,,,,,,,,44,16312367,3.24,,
category_monthly_trend,Stempel / Alat Kantor,,2025-08-01,2025-08,,,,,,,,,,,,,,,,6,374810,2.96,,
category_monthly_trend,Other,,2025-08-01,2025-08,,,,,,,,,,,,,,,,10,703974,21.85,,
category_monthly_trend,Perlengkapan Packing,,2025-08-01,2025-08,,,,,,,,,,,,,,,,3,235269,-32.06,,
category_monthly_trend,Tempat Nasi,,2025-08-01,2025-08,,,,,,,,,,,,,,,,1,14000,-65.77,,
category_monthly_trend,Aksesoris Pintu,,2025-08-01,2025-08,,,,,,,,,,,,,,,,185,2176455,-5.44,,
category_monthly_trend,Toples / Sealware,,2025-08-01,2025-08,,,,,,,,,,,,,,,,1,27500,120.00,,
category_monthly_trend,Nampan / Tray,,2025-08-01,2025-08,,,,,,,,,,,,,,,,189,9777776,39.54,,
category_monthly_trend,Celengan,,2025-08-01,2025-08,,,,,,,,,,,,,,,,151,3591734,-26.24,,
category_monthly_trend,Peralatan Makan,,2025-08-01,2025-08,,,,,,,,,,,,,,,,4,240130,28.18,,
category_monthly_trend,Keranjang,,2025-08-01,2025-08,,,,,,,,,,,,,,,,14,642406,106.07,,
category_monthly_trend,Pengolah Bumbu / Sayur,,2025-08-01,2025-08,,,,,,,,,,,,,,,,11,472500,37.20,,
category_monthly_trend,Baskom / Mangkok Besar,,2025-08-01,2025-08,,,,,,,,,,,,,,,,8,140200,11.09,,
category_monthly_trend,Plastik / Wadah Plastik,,2025-08-01,2025-08,,,,,,,,,,,,,,,,3,31900,-43.87,,
category_monthly_trend,Teko / Jug,,2025-08-01,2025-08,,,,,,,,,,,,,,,,4,118282,595.78,,
category_monthly_trend,Piring,,2025-08-01,2025-08,,,,,,,,,,,,,,,,2,43000,-27.36,,
category_monthly_trend,Mangkok Sambal / Saus,,2025-08-01,2025-08,,,,,,,,,,,,,,,,193,6510085,30.64,,
category_monthly_trend,Toples / Sealware,,2025-09-01,2025-09,,,,,,,,,,,,,,,,5,209900,663.27,,
category_monthly_trend,Baskom / Mangkok Besar,,2025-09-01,2025-09,,,,,,,,,,,,,,,,7,60445,-56.89,,
category_monthly_trend,Peralatan Makan,,2025-09-01,2025-09,,,,,,,,,,,,,,,,7,188600,-21.46,,
category_monthly_trend,Nampan / Tray,,2025-09-01,2025-09,,,,,,,,,,,,,,,,169,11011554,12.62,,
category_monthly_trend,Piring,,2025-09-01,2025-09,,,,,,,,,,,,,,,,4,65500,52.33,,
category_monthly_trend,Tempat Nasi,,2025-09-01,2025-09,,,,,,,,,,,,,,,,3,165000,1078.57,,
category_monthly_trend,Celengan,,2025-09-01,2025-09,,,,,,,,,,,,,,,,301,7090797,97.42,,
category_monthly_trend,Seal / Baut / Roof,,2025-09-01,2025-09,,,,,,,,,,,,,,,,39,10688071,-34.48,,
category_monthly_trend,Teko / Jug,,2025-09-01,2025-09,,,,,,,,,,,,,,,,3,76900,-34.99,,
category_monthly_trend,Mangkok Sambal / Saus,,2025-09-01,2025-09,,,,,,,,,,,,,,,,214,6746753,3.64,,
category_monthly_trend,Keranjang,,2025-09-01,2025-09,,,,,,,,,,,,,,,,18,956182,48.84,,
category_monthly_trend,Rak / Rak Serbaguna,,2025-09-01,2025-09,,,,,,,,,,,,,,,,23,1021522,37.11,,
category_monthly_trend,Lunch Box / Rantang,,2025-09-01,2025-09,,,,,,,,,,,,,,,,10,1334967,-20.04,,
category_monthly_trend,Stempel / Alat Kantor,,2025-09-01,2025-09,,,,,,,,,,,,,,,,9,265525,-29.16,,
category_monthly_trend,Other,,2025-09-01,2025-09,,,,,,,,,,,,,,,,13,468835,-33.40,,
category_monthly_trend,Perlengkapan Packing,,2025-09-01,2025-09,,,,,,,,,,,,,,,,1,108596,-53.84,,
category_monthly_trend,Aksesoris Pintu,,2025-09-01,2025-09,,,,,,,,,,,,,,,,214,2720520,25.00,,
category_monthly_trend,Rak / Rak Serbaguna,,2025-10-01,2025-10,,,,,,,,,,,,,,,,15,600775,-41.19,,
category_monthly_trend,Stempel / Alat Kantor,,2025-10-01,2025-10,,,,,,,,,,,,,,,,4,272173,2.50,,
category_monthly_trend,Plastik / Wadah Plastik,,2025-10-01,2025-10,,,,,,,,,,,,,,,,2,51400,61.13,,
category_monthly_trend,Tempat Nasi,,2025-10-01,2025-10,,,,,,,,,,,,,,,,1,0,-100.00,,
category_monthly_trend,Piring,,2025-10-01,2025-10,,,,,,,,,,,,,,,,3,28300,-56.79,,
category_monthly_trend,Toples / Sealware,,2025-10-01,2025-10,,,,,,,,,,,,,,,,2,52000,-75.23,,
category_monthly_trend,Peralatan Makan,,2025-10-01,2025-10,,,,,,,,,,,,,,,,7,136000,-27.89,,
category_monthly_trend,Pengolah Bumbu / Sayur,,2025-10-01,2025-10,,,,,,,,,,,,,,,,1,86000,-81.80,,
category_monthly_trend,Other,,2025-10-01,2025-10,,,,,,,,,,,,,,,,23,649816,38.60,,
category_monthly_trend,Nampan / Tray,,2025-10-01,2025-10,,,,,,,,,,,,,,,,124,8986618,-18.39,,
category_monthly_trend,Mangkok Sambal / Saus,,2025-10-01,2025-10,,,,,,,,,,,,,,,,311,9254732,37.17,,
category_monthly_trend,Lunch Box / Rantang,,2025-10-01,2025-10,,,,,,,,,,,,,,,,8,194440,-85.43,,
category_monthly_trend,Keranjang,,2025-10-01,2025-10,,,,,,,,,,,,,,,,12,116686,-87.80,,
category_monthly_trend,Celengan,,2025-10-01,2025-10,,,,,,,,,,,,,,,,315,7097284,0.09,,
category_monthly_trend,Baskom / Mangkok Besar,,2025-10-01,2025-10,,,,,,,,,,,,,,,,6,71460,18.22,,
category_monthly_trend,Aksesoris Pintu,,2025-10-01,2025-10,,,,,,,,,,,,,,,,223,2669499,-1.88,,
category_monthly_trend,Seal / Baut / Roof,,2025-10-01,2025-10,,,,,,,,,,,,,,,,57,25347326,137.16,,
category_monthly_trend,Peralatan Makan,,2025-11-01,2025-11,,,,,,,,,,,,,,,,7,121636,-10.56,,
category_monthly_trend,Toples / Sealware,,2025-11-01,2025-11,,,,,,,,,,,,,,,,4,214296,312.11,,
category_monthly_trend,Nampan / Tray,,2025-11-01,2025-11,,,,,,,,,,,,,,,,63,4073029,-54.68,,
category_monthly_trend,Lunch Box / Rantang,,2025-11-01,2025-11,,,,,,,,,,,,,,,,8,1453860,647.72,,
category_monthly_trend,Other,,2025-11-01,2025-11,,,,,,,,,,,,,,,,16,324451,-50.07,,
category_monthly_trend,Baskom / Mangkok Besar,,2025-11-01,2025-11,,,,,,,,,,,,,,,,3,78000,9.15,,
category_monthly_trend,Mangkok Sambal / Saus,,2025-11-01,2025-11,,,,,,,,,,,,,,,,438,9069999,-2.00,,
category_monthly_trend,Tempat Nasi,,2025-11-01,2025-11,,,,,,,,,,,,,,,,1,0,,,
category_monthly_trend,Plastik / Wadah Plastik,,2025-11-01,2025-11,,,,,,,,,,,,,,,,3,10000,-80.54,,
category_monthly_trend,Rak / Rak Serbaguna,,2025-11-01,2025-11,,,,,,,,,,,,,,,,2,57625,-90.41,,
category_monthly_trend,Aksesoris Pintu,,2025-11-01,2025-11,,,,,,,,,,,,,,,,190,1743314,-34.70,,
category_monthly_trend,Stempel / Alat Kantor,,2025-11-01,2025-11,,,,,,,,,,,,,,,,10,253864,-6.73,,
category_monthly_trend,Keranjang,,2025-11-01,2025-11,,,,,,,,,,,,,,,,13,603977,417.61,,
category_monthly_trend,Celengan,,2025-11-01,2025-11,,,,,,,,,,,,,,,,236,4703827,-33.72,,
category_monthly_trend,Seal / Baut / Roof,,2025-11-01,2025-11,,,,,,,,,,,,,,,,40,9244675,-63.53,,
category_monthly_trend,Teko / Jug,,2025-11-01,2025-11,,,,,,,,,,,,,,,,2,11000,-85.70,,
category_summary,Seal / Baut / Roof,1.0,,,672.0,564.0,100.0,14.88,1876.0,275029758,487641,1836524,138.0,131.0,1.0,5.0,26.30,3.22,1.0,,,,2023-12-01 00:33:00,2025-11-30 16:16:00
category_summary,Celengan,1.0,,,5514.0,4871.0,609.0,11.04,7086.0,147607838,30303,0,291.0,277.0,2.0,1.0,14.12,26.45,1.0,,,,2023-12-01 10:01:00,2025-11-30 23:17:00
category_summary,Mangkok Sambal / Saus,1.0,,,3609.0,3103.0,382.0,10.58,6928.0,125535205,40456,30020,369.0,356.0,3.0,2.0,12.01,17.31,1.0,,,,2023-12-02 11:02:00,2025-11-30 22:04:00
category_summary,Nampan / Tray,1.0,,,1308.0,1119.0,177.0,13.53,8246.0,97500603,87132,4455400,187.0,174.0,4.0,4.0,9.33,6.27,1.0,,,,2023-12-02 11:45:00,2025-11-30 19:09:00
category_summary,Lunch Box / Rantang,1.0,,,529.0,419.0,109.0,20.60,2644.0,46703082,111463,0,176.0,157.0,5.0,8.0,4.47,2.54,1.0,,,,2023-12-05 16:52:00,2025-11-25 11:28:00
category_summary,Other,1.0,,,502.0,391.0,109.0,21.71,628.0,37166856,95056,12000,135.0,110.0,6.0,10.0,3.55,2.41,1.0,,,,2023-12-03 15:10:00,2025-11-30 15:25:00
category_summary,Aksesoris Pintu,1.0,,,2721.0,2440.0,236.0,8.67,3975.0,35244839,14445,130502,189.0,180.0,7.0,3.0,3.37,13.05,1.0,,,,2024-05-24 18:41:00,2025-11-30 21:30:00
category_summary,Baskom / Mangkok Besar,1.0,,,574.0,476.0,98.0,17.07,1167.0,33775592,70957,0,155.0,136.0,8.0,7.0,3.23,2.75,1.0,,,,2023-12-28 19:27:00,2025-11-19 10:29:00
category_summary,Rak / Rak Serbaguna,1.0,,,592.0,406.0,186.0,31.42,434.0,31841972,78429,0,198.0,153.0,9.0,6.0,3.05,2.84,1.0,,,,2023-12-01 22:19:00,2025-11-04 14:05:00
category_summary,Keranjang,1.0,,,503.0,408.0,94.0,18.69,821.0,14180445,34756,0,134.0,118.0,10.0,9.0,1.36,2.41,1.0,,,,2023-12-04 13:35:00,2025-11-28 12:59:00
category_summary,Tempat Nasi,1.0,,,444.0,362.0,81.0,18.24,487.0,11232742,31030,0,114.0,103.0,11.0,11.0,1.07,2.13,1.0,,,,2023-12-12 02:01:00,2025-11-26 19:16:00
category_summary,Perlengkapan Packing,1.0,,,73.0,63.0,10.0,13.70,196.0,11182226,177496,0,23.0,19.0,12.0,24.0,1.07,0.35,1.0,,,,2024-02-25 06:41:00,2025-09-15 10:52:00
category_summary,Peralatan Makan,1.0,,,184.0,152.0,30.0,16.30,347.0,10827914,71236,170000,88.0,81.0,13.0,16.0,1.04,0.88,1.0,,,,2023-12-05 20:45:00,2025-11-26 19:34:00
category_summary,Teko / Jug,1.0,,,202.0,165.0,37.0,18.32,209.0,8626719,52283,24000,86.0,72.0,14.0,15.0,0.83,0.97,1.0,,,,2023-12-07 10:53:00,2025-11-28 10:59:00
category_summary,Pengolah Bumbu / Sayur,1.0,,,155.0,106.0,49.0,31.61,120.0,8068578,76119,0,96.0,75.0,15.0,17.0,0.77,0.74,1.0,,,,2024-07-01 16:38:00,2025-10-15 21:09:00
category_summary,Piring,1.0,,,141.0,108.0,33.0,23.40,596.0,7854215,72724,43200,75.0,68.0,16.0,18.0,0.75,0.68,1.0,,,,2024-02-25 18:11:00,2025-10-29 08:07:00
category_summary,Saringan / Strainer,1.0,,,275.0,246.0,29.0,10.55,370.0,7673657,31194,52000,92.0,87.0,17.0,12.0,0.73,1.32,1.0,,,,2023-12-14 18:29:00,2025-06-28 23:44:00
category_summary,Stempel / Alat Kantor,1.0,,,120.0,92.0,27.0,22.50,179.0,6794864,73857,0,59.0,52.0,18.0,20.0,0.65,0.58,1.0,,,,2023-12-07 13:07:00,2025-11-30 13:02:00
category_summary,Toples / Sealware,1.0,,,133.0,104.0,29.0,21.80,191.0,5582658,53679,4,60.0,54.0,19.0,19.0,0.53,0.64,1.0,,,,2023-12-12 19:48:00,2025-11-25 08:59:00
category_summary,Plastik / Wadah Plastik,1.0,,,120.0,91.0,27.0,22.50,174.0,5105990,56110,0,57.0,51.0,20.0,20.0,0.49,0.58,1.0,,,,2023-12-03 20:41:00,2025-11-29 22:36:00
category_summary,Pisau / Alat Potong,1.0,,,95.0,73.0,22.0,23.16,206.0,4747819,65039,26800,48.0,42.0,21.0,23.0,0.45,0.46,1.0,,,,2023-12-04 07:37:00,2025-06-12 09:51:00
category_summary,Botol / Gelas / Mug,1.0,,,243.0,194.0,47.0,19.34,632.0,4745288,24460,17400,91.0,77.0,22.0,13.0,0.45,1.17,1.0,,,,2023-12-10 15:05:00,2025-11-30 21:07:00
category_summary,Peralatan Kamar Mandi,1.0,,,208.0,178.0,30.0,14.42,208.0,4013118,22546,0,95.0,86.0,23.0,14.0,0.38,1.00,1.0,,,,2023-12-05 15:05:00,2025-11-24 08:57:00
category_summary,Aksesoris ID Card,1.0,,,63.0,49.0,12.0,19.05,158.0,3333614,68033,0,30.0,25.0,24.0,26.0,0.32,0.30,1.0,,,,2023-12-01 17:01:00,2025-11-29 16:53:00
category_summary,"Perlengkapan Packing, Seal / Baut / Roof",2.0,,,5.0,3.0,1.0,20.00,15.0,3210601,1070200,0,5.0,3.0,25.0,90.0,0.31,0.02,1.0,,,,2024-11-08 08:35:00,2025-11-25 18:26:00
category_summary,Gantungan Baju / Hanger,1.0,,,73.0,60.0,12.0,16.44,111.0,3144265,52404,0,41.0,37.0,26.0,24.0,0.30,0.35,1.0,,,,2023-12-16 16:30:00,2025-11-30 22:19:00
category_summary,Bangku / Kursi Kecil,1.0,,,112.0,101.0,11.0,9.82,111.0,2677339,26508,0,56.0,51.0,27.0,22.0,0.26,0.54,1.0,,,,2024-02-02 11:16:00,2025-11-19 05:52:00
category_summary,"Celengan, Perlengkapan Packing",2.0,,,56.0,52.0,4.0,7.14,167.0,2413546,46414,0,34.0,33.0,28.0,27.0,0.23,0.27,1.0,,,,2023-12-11 22:21:00,2025-11-11 03:22:00
category_summary,"Baskom / Mangkok Besar, Perlengkapan Packing",2.0,,,12.0,11.0,1.0,8.33,47.0,1807248,164295,0,10.0,9.0,29.0,45.0,0.17,0.06,1.0,,,,2024-08-28 06:48:00,2025-04-27 21:19:00
category_summary,"Mangkok Sambal / Saus, Peralatan Makan",2.0,,,36.0,31.0,4.0,11.11,120.0,1707202,55071,0,29.0,26.0,30.0,29.0,0.16,0.17,1.0,,,,2023-12-09 14:30:00,2025-11-21 14:14:00
category_summary,Cobek / Ulekan,1.0,,,29.0,23.0,6.0,20.69,23.0,1631687,70943,0,4.0,4.0,31.0,31.0,0.16,0.14,1.0,,,,2024-04-23 23:10:00,2025-07-01 00:00:00
category_summary,"Celengan, Other",2.0,,,35.0,31.0,3.0,8.57,87.0,1569848,50640,0,18.0,17.0,32.0,30.0,0.15,0.17,1.0,,,,2023-12-01 13:19:00,2025-11-25 14:47:00
category_summary,"Other, Saringan / Strainer",2.0,,,7.0,5.0,2.0,28.57,107.0,1481438,296288,4000,6.0,5.0,33.0,71.0,0.14,0.03,1.0,,,,2024-07-25 01:11:00,2025-03-16 12:17:00
category_summary,"Other, Perlengkapan Packing",2.0,,,10.0,9.0,1.0,10.00,21.0,1448904,160989,0,10.0,9.0,34.0,55.0,0.14,0.05,1.0,,,,2024-07-24 21:08:00,2025-04-13 06:30:00
category_summary,"Nampan / Tray, Perlengkapan Packing",2.0,,,25.0,21.0,4.0,16.00,82.0,1371454,65307,8400,18.0,18.0,35.0,35.0,0.13,0.12,1.0,,,,2024-09-23 16:17:00,2025-10-17 18:00:00
category_summary,"Keranjang, Perlengkapan Packing",2.0,,,9.0,8.0,1.0,11.11,185.0,1322169,165271,0,6.0,6.0,36.0,61.0,0.13,0.04,1.0,,,,2023-12-12 00:14:00,2025-09-03 07:55:00
category_summary,"Mangkok Sambal / Saus, Perlengkapan Packing",2.0,,,25.0,21.0,4.0,16.00,88.0,1299336,61873,0,16.0,15.0,37.0,35.0,0.12,0.12,1.0,,,,2024-02-27 13:17:00,2025-11-22 20:40:00
category_summary,"Mangkok Sambal / Saus, Other",2.0,,,28.0,23.0,5.0,17.86,83.0,1191141,51789,0,24.0,22.0,38.0,34.0,0.11,0.13,1.0,,,,2024-05-21 20:09:00,2025-10-16 18:19:00
category_summary,"Celengan, Keranjang",2.0,,,29.0,26.0,3.0,10.34,69.0,1150960,44268,0,19.0,19.0,39.0,31.0,0.11,0.14,1.0,,,,2023-12-06 10:12:00,2025-11-21 08:45:00
category_summary,"Botol / Gelas / Mug, Mangkok Sambal / Saus",2.0,,,29.0,25.0,3.0,10.34,112.0,1059106,42364,0,22.0,21.0,40.0,31.0,0.10,0.14,1.0,,,,2024-01-10 09:57:00,2025-11-19 12:02:00
category_summary,"Baskom / Mangkok Besar, Nampan / Tray",2.0,,,16.0,11.0,5.0,31.25,65.0,1029245,93568,0,10.0,10.0,41.0,40.0,0.10,0.08,1.0,,,,2024-10-14 22:15:00,2025-10-25 06:20:00
category_summary,"Baskom / Mangkok Besar, Other",2.0,,,13.0,11.0,2.0,15.38,41.0,980136,89103,0,12.0,11.0,42.0,44.0,0.09,0.06,1.0,,,,2024-08-20 14:41:00,2025-02-03 13:30:00
category_summary,Aksesoris Mandi,1.0,,,18.0,15.0,3.0,16.67,172.0,943696,62913,0,14.0,13.0,43.0,39.0,0.09,0.09,1.0,,,,2023-12-12 00:17:00,2025-08-26 12:38:00
category_summary,"Mangkok Sambal / Saus, Nampan / Tray",2.0,,,11.0,11.0,0.0,0.00,65.0,872580,79325,0,11.0,11.0,44.0,47.0,0.08,0.05,1.0,,,,2023-12-15 17:12:00,2025-09-01 18:46:00
category_summary,"Baskom / Mangkok Besar, Other, Perlengkapan Packing, Teko / Jug",4.0,,,1.0,1.0,0.0,0.00,12.0,813200,813200,0,1.0,1.0,45.0,227.0,0.08,0.00,1.0,,,,2024-07-24 17:51:00,2024-07-24 17:51:00
category_summary,"Celengan, Sapu / Pembersih Lantai",2.0,,,16.0,15.0,1.0,6.25,44.0,746865,49791,0,12.0,11.0,46.0,40.0,0.07,0.08,1.0,,,,2023-12-04 06:51:00,2025-10-20 13:10:00
category_summary,"Baskom / Mangkok Besar, Tempat Nasi",2.0,,,10.0,10.0,0.0,0.00,36.0,721304,72130,0,8.0,8.0,47.0,55.0,0.07,0.05,1.0,,,,2024-08-06 21:27:00,2025-01-21 13:30:00
category_summary,"Baskom / Mangkok Besar, Saringan / Strainer",2.0,,,8.0,7.0,1.0,12.50,26.0,702541,100363,0,6.0,6.0,48.0,65.0,0.07,0.04,1.0,,,,2024-08-17 09:43:00,2025-08-29 08:00:00
category_summary,"Baskom / Mangkok Besar, Mangkok Sambal / Saus, Other, Teko / Jug",4.0,,,1.0,1.0,0.0,0.00,10.0,695294,695294,0,1.0,1.0,49.0,227.0,0.07,0.00,1.0,,,,2025-02-24 17:56:00,2025-02-24 17:56:00
category_summary,"Lunch Box / Rantang, Mangkok Sambal / Saus, Other",3.0,,,1.0,1.0,0.0,0.00,12.0,693860,693860,0,1.0,1.0,50.0,227.0,0.07,0.00,1.0,,,,2024-08-01 18:06:00,2024-08-01 18:06:00
category_summary,"Keranjang, Rak / Rak Serbaguna",2.0,,,11.0,8.0,3.0,27.27,20.0,689318,86165,0,10.0,8.0,51.0,47.0,0.07,0.05,1.0,,,,2024-02-28 10:20:00,2025-07-01 00:00:00
category_summary,"Other, Peralatan Makan",2.0,,,7.0,4.0,3.0,42.86,8.0,676117,169029,0,3.0,2.0,52.0,71.0,0.06,0.03,1.0,,,,2024-07-01 09:16:00,2025-01-03 15:59:00
category_summary,Gayung,1.0,,,53.0,46.0,7.0,13.21,83.0,666193,14482,0,28.0,26.0,53.0,28.0,0.06,0.25,1.0,,,,2024-06-21 10:44:00,2025-07-01 00:00:00
category_summary,Mangkok,1.0,,,16.0,11.0,5.0,31.25,26.0,626933,56994,0,14.0,10.0,54.0,40.0,0.06,0.08,1.0,,,,2024-04-17 14:53:00,2025-08-08 23:59:00
category_summary,"Botol / Gelas / Mug, Cobek / Ulekan, Mangkok Sambal / Saus, Other, Peralatan Makan, Plastik / Wadah Plastik, Tempat Nasi",7.0,,,1.0,1.0,0.0,0.00,13.0,590436,590436,0,1.0,1.0,55.0,227.0,0.06,0.00,1.0,,,,2024-01-01 16:21:00,2024-01-01 16:21:00
category_summary,"Nampan / Tray, Piring",2.0,,,5.0,4.0,1.0,20.00,9.0,586940,146735,0,3.0,3.0,56.0,90.0,0.06,0.02,1.0,,,,2024-10-15 11:46:00,2025-07-01 00:00:00
category_summary,"Nampan / Tray, Other",2.0,,,8.0,8.0,0.0,0.00,26.0,565874,70734,0,6.0,6.0,57.0,65.0,0.05,0.04,1.0,,,,2024-07-28 17:01:00,2025-09-13 19:14:00
category_summary,"Aksesoris Pintu, Other",2.0,,,24.0,22.0,2.0,8.33,62.0,544039,24729,0,13.0,13.0,58.0,37.0,0.05,0.12,1.0,,,,2024-07-26 11:03:00,2025-11-11 04:08:00
category_summary,"Botol / Gelas / Mug, Other",2.0,,,6.0,4.0,2.0,33.33,39.0,540183,135046,0,6.0,4.0,59.0,78.0,0.05,0.03,1.0,,,,2024-05-13 15:46:00,2025-11-12 17:54:00
category_summary,Perkakas,1.0,,,3.0,3.0,0.0,0.00,7.0,535260,178420,0,3.0,3.0,60.0,121.0,0.05,0.01,1.0,,,,2025-02-12 11:50:00,2025-07-01 00:00:00
category_summary,"Baskom / Mangkok Besar, Piring",2.0,,,10.0,6.0,4.0,40.00,41.0,495398,82566,0,8.0,6.0,61.0,55.0,0.05,0.05,1.0,,,,2024-09-08 21:59:00,2025-05-21 04:03:00
category_summary,"Perlengkapan Packing, Rak / Rak Serbaguna",2.0,,,9.0,6.0,3.0,33.33,14.0,459295,76549,0,7.0,6.0,62.0,61.0,0.04,0.04,1.0,,,,2024-02-02 16:09:00,2025-06-29 06:39:00
category_summary,"Botol / Gelas / Mug, Celengan",2.0,,,11.0,11.0,0.0,0.00,35.0,445523,40502,0,10.0,10.0,63.0,47.0,0.04,0.05,1.0,,,,2024-07-08 22:26:00,2025-11-18 13:49:00
category_summary,"Celengan, Gantungan Baju / Hanger",2.0,,,10.0,10.0,0.0,0.00,22.0,442470,44247,0,9.0,9.0,64.0,55.0,0.04,0.05,1.0,,,,2024-05-15 07:15:00,2025-11-13 09:28:00
category_summary,"Botol / Gelas / Mug, Mangkok Sambal / Saus, Nampan / Tray",3.0,,,6.0,5.0,0.0,0.00,35.0,439042,87808,0,6.0,5.0,65.0,78.0,0.04,0.03,1.0,,,,2024-06-09 18:24:00,2025-11-21 17:23:00
category_summary,"Perlengkapan Packing, Teko / Jug",2.0,,,4.0,4.0,0.0,0.00,13.0,437723,109431,0,4.0,4.0,66.0,99.0,0.04,0.02,1.0,,,,2024-07-16 14:25:00,2024-09-04 10:05:00
category_summary,"Keranjang, Other",2.0,,,10.0,7.0,3.0,30.00,22.0,419690,59956,0,9.0,7.0,67.0,55.0,0.04,0.05,1.0,,,,2023-12-29 00:49:00,2025-04-19 17:32:00
category_summary,"Celengan, Peralatan Makan",2.0,,,6.0,5.0,1.0,16.67,25.0,417848,83570,0,5.0,5.0,68.0,78.0,0.04,0.03,1.0,,,,2023-12-22 07:42:00,2024-09-11 21:10:00
category_summary,"Mangkok Sambal / Saus, Saringan / Strainer",2.0,,,11.0,10.0,1.0,9.09,25.0,403747,40375,0,11.0,10.0,69.0,47.0,0.04,0.05,1.0,,,,2024-06-16 08:08:00,2025-08-07 06:20:00
category_summary,"Other, Pisau / Alat Potong, Plastik / Wadah Plastik, Spatula",4.0,,,1.0,1.0,0.0,0.00,8.0,385612,385612,0,1.0,1.0,70.0,227.0,0.04,0.00,1.0,,,,2025-03-16 14:37:00,2025-03-16 14:37:00
category_summary,"Botol / Gelas / Mug, Mangkok Sambal / Saus, Other, Peralatan Makan, Piring",5.0,,,1.0,1.0,0.0,0.00,45.0,385010,385010,0,1.0,1.0,71.0,227.0,0.04,0.00,1.0,,,,2024-01-15 02:34:00,2024-01-15 02:34:00
category_summary,"Perlengkapan Packing, Toples / Sealware",2.0,,,7.0,6.0,1.0,14.29,19.0,370518,61753,0,6.0,5.0,72.0,71.0,0.04,0.03,1.0,,,,2024-03-27 08:34:00,2025-07-01 00:00:00
category_summary,"Keranjang, Mangkok Sambal / Saus, Other, Peralatan Makan, Spatula, Toples / Sealware",6.0,,,1.0,1.0,0.0,0.00,21.0,360573,360573,0,1.0,1.0,73.0,227.0,0.03,0.00,1.0,,,,2025-01-24 18:30:00,2025-01-24 18:30:00
category_summary,Sapu / Pembersih Lantai,1.0,,,23.0,10.0,13.0,56.52,12.0,344262,34426,0,15.0,9.0,74.0,38.0,0.03,0.11,1.0,,,,2024-03-14 14:38:00,2025-11-21 07:39:00
category_summary,"Baskom / Mangkok Besar, Celengan",2.0,,,7.0,6.0,1.0,14.29,15.0,342142,57024,0,4.0,4.0,75.0,71.0,0.03,0.03,1.0,,,,2024-09-10 10:10:00,2025-04-06 14:57:00
category_summary,"Baskom / Mangkok Besar, Nampan / Tray, Saringan / Strainer",3.0,,,1.0,1.0,0.0,0.00,17.0,340966,340966,0,1.0,1.0,76.0,227.0,0.03,0.00,1.0,,,,2024-11-01 14:16:00,2024-11-01 14:16:00
category_summary,"Mangkok Sambal / Saus, Piring",2.0,,,4.0,4.0,0.0,0.00,57.0,338649,84662,0,4.0,4.0,77.0,99.0,0.03,0.02,1.0,,,,2024-02-02 23:19:00,2025-01-06 00:58:00
category_summary,"Celengan, Saringan / Strainer",2.0,,,11.0,10.0,1.0,9.09,21.0,326266,32627,0,8.0,8.0,78.0,47.0,0.03,0.05,1.0,,,,2024-02-27 02:15:00,2025-02-03 20:53:00
category_summary,"Rak / Rak Serbaguna, Sapu / Pembersih Lantai",2.0,,,2.0,2.0,0.0,0.00,5.0,316191,158096,0,1.0,1.0,79.0,142.0,0.03,0.01,1.0,,,,2024-05-26 11:29:00,2025-02-11 05:14:00
category_summary,"Lunch Box / Rantang, Perlengkapan Packing",2.0,,,4.0,2.0,2.0,50.00,22.0,315208,157604,0,4.0,2.0,80.0,99.0,0.03,0.02,1.0,,,,2023-12-29 16:30:00,2025-03-28 05:49:00
category_summary,"Baskom / Mangkok Besar, Mangkok Sambal / Saus, Other",3.0,,,3.0,3.0,0.0,0.00,15.0,307024,102341,0,3.0,3.0,81.0,121.0,0.03,0.01,1.0,,,,2024-08-01 13:40:00,2025-04-19 14:44:00
category_summary,"Baskom / Mangkok Besar, Mangkok Sambal / Saus",2.0,,,8.0,6.0,2.0,25.00,22.0,302641,50440,0,6.0,5.0,82.0,65.0,0.03,0.04,1.0,,,,2024-08-11 14:10:00,2025-09-23 02:27:00
category_summary,"Gantungan Baju / Hanger, Other",2.0,,,3.0,3.0,0.0,0.00,11.0,302220,100740,0,3.0,3.0,83.0,121.0,0.03,0.01,1.0,,,,2024-07-08 12:58:00,2025-05-06 02:19:00
category_summary,"Celengan, Mangkok Sambal / Saus",2.0,,,6.0,5.0,1.0,16.67,19.0,301887,60377,0,5.0,5.0,84.0,78.0,0.03,0.03,1.0,,,,2024-05-23 07:52:00,2025-11-07 14:48:00
category_summary,"Celengan, Keranjang, Plastik / Wadah Plastik, Saringan / Strainer",4.0,,,1.0,1.0,0.0,0.00,20.0,300968,300968,0,1.0,1.0,85.0,227.0,0.03,0.00,1.0,,,,2024-03-03 05:34:00,2024-03-03 05:34:00
category_summary,"Celengan, Plastik / Wadah Plastik",2.0,,,8.0,8.0,0.0,0.00,21.0,298905,37363,0,8.0,8.0,86.0,65.0,0.03,0.04,1.0,,,,2024-01-20 20:31:00,2025-09-30 13:35:00
category_summary,Talenan,1.0,,,11.0,11.0,0.0,0.00,13.0,296614,26965,0,10.0,10.0,87.0,47.0,0.03,0.05,1.0,,,,2024-07-08 18:57:00,2025-11-04 08:27:00
category_summary,Spatula,1.0,,,16.0,11.0,5.0,31.25,15.0,275634,25058,0,13.0,10.0,88.0,40.0,0.03,0.08,1.0,,,,2023-12-01 05:46:00,2025-11-18 21:26:00
category_summary,"Mangkok Sambal / Saus, Other, Plastik / Wadah Plastik",3.0,,,6.0,5.0,1.0,16.67,22.0,274318,54864,0,5.0,5.0,89.0,78.0,0.03,0.03,1.0,,,,2023-12-08 20:36:00,2024-11-29 22:11:00
category_summary,"Botol / Gelas / Mug, Mangkok, Peralatan Makan, Plastik / Wadah Plastik, Rak / Rak Serbaguna",5.0,,,1.0,1.0,0.0,0.00,12.0,272101,272101,0,1.0,1.0,90.0,227.0,0.03,0.00,1.0,,,,2024-01-23 08:07:00,2024-01-23 08:07:00
category_summary,"Mangkok Sambal / Saus, Pisau / Alat Potong",2.0,,,5.0,4.0,1.0,20.00,15.0,271588,67897,0,4.0,3.0,91.0,90.0,0.03,0.02,1.0,,,,2024-01-25 15:08:00,2025-11-13 20:38:00
category_summary,"Botol / Gelas / Mug, Peralatan Makan",2.0,,,5.0,4.0,1.0,20.00,16.0,270897,67724,0,5.0,4.0,92.0,90.0,0.03,0.02,1.0,,,,2024-08-02 12:58:00,2025-11-10 13:24:00
category_summary,"Aksesoris Pintu, Keranjang",2.0,,,11.0,10.0,1.0,9.09,31.0,268156,26816,0,11.0,10.0,93.0,47.0,0.03,0.05,1.0,,,,2024-08-24 14:12:00,2025-09-25 07:42:00
category_summary,"Botol / Gelas / Mug, Celengan, Lunch Box / Rantang",3.0,,,2.0,1.0,1.0,50.00,10.0,267500,267500,0,1.0,1.0,94.0,142.0,0.03,0.01,1.0,,,,2024-07-08 13:52:00,2024-07-08 13:59:00
category_summary,"Other, Spatula",2.0,,,2.0,2.0,0.0,0.00,9.0,267120,133560,0,2.0,2.0,95.0,142.0,0.03,0.01,1.0,,,,2024-07-16 10:23:00,2024-09-22 19:39:00
category_summary,"Baskom / Mangkok Besar, Peralatan Makan, Rak / Rak Serbaguna, Tempat Nasi",4.0,,,1.0,1.0,0.0,0.00,10.0,265510,265510,0,1.0,1.0,96.0,227.0,0.03,0.00,1.0,,,,2025-01-14 12:30:00,2025-01-14 12:30:00
category_summary,"Baskom / Mangkok Besar, Botol / Gelas / Mug, Other",3.0,,,2.0,2.0,0.0,0.00,17.0,262379,131190,0,2.0,2.0,97.0,142.0,0.03,0.01,1.0,,,,2024-11-16 13:23:00,2024-11-25 04:54:00
category_summary,"Keranjang, Nampan / Tray",2.0,,,8.0,6.0,2.0,25.00,20.0,258720,43120,0,5.0,5.0,98.0,65.0,0.02,0.04,1.0,,,,2024-12-01 00:00:00,2025-10-16 08:11:00
category_summary,"Other, Plastik / Wadah Plastik",2.0,,,7.0,5.0,2.0,28.57,15.0,255008,51002,0,6.0,4.0,99.0,71.0,0.02,0.03,1.0,,,,2024-02-11 10:16:00,2025-05-24 12:11:00
category_summary,"Bangku / Kursi Kecil, Celengan",2.0,,,6.0,5.0,1.0,16.67,12.0,253622,50724,0,4.0,4.0,100.0,78.0,0.02,0.03,1.0,,,,2024-08-20 11:11:00,2024-09-21 09:55:00
category_summary,"Baskom / Mangkok Besar, Nampan / Tray, Perlengkapan Packing, Piring",4.0,,,1.0,1.0,0.0,0.00,15.0,252758,252758,0,1.0,1.0,101.0,227.0,0.02,0.00,1.0,,,,2024-10-05 13:54:00,2024-10-05 13:54:00
category_summary,"Mangkok Sambal / Saus, Other, Peralatan Makan",3.0,,,4.0,3.0,1.0,25.00,17.0,250852,83617,0,4.0,3.0,102.0,99.0,0.02,0.02,1.0,,,,2024-05-02 15:35:00,2024-12-01 00:00:00
category_summary,"Nampan / Tray, Other, Perlengkapan Packing",3.0,,,2.0,2.0,0.0,0.00,12.0,250553,125277,0,2.0,2.0,103.0,142.0,0.02,0.01,1.0,,,,2024-01-28 16:22:00,2024-08-26 12:27:00
category_summary,"Other, Sapu / Pembersih Lantai",2.0,,,4.0,3.0,1.0,25.00,7.0,248933,82978,0,4.0,3.0,104.0,99.0,0.02,0.02,1.0,,,,2024-09-02 14:28:00,2025-10-30 00:32:00
category_summary,"Celengan, Keranjang, Other",3.0,,,6.0,4.0,2.0,33.33,20.0,246161,61540,0,4.0,4.0,105.0,78.0,0.02,0.03,1.0,,,,2024-01-21 15:03:00,2025-11-16 19:21:00
category_summary,"Baskom / Mangkok Besar, Botol / Gelas / Mug, Other, Pengolah Bumbu / Sayur, Pisau / Alat Potong",5.0,,,1.0,1.0,0.0,0.00,8.0,246020,246020,0,1.0,1.0,106.0,227.0,0.02,0.00,1.0,,,,2025-03-15 13:10:00,2025-03-15 13:10:00
category_summary,"Baskom / Mangkok Besar, Cobek / Ulekan, Other, Pengolah Bumbu / Sayur",4.0,,,1.0,1.0,0.0,0.00,4.0,244567,244567,0,1.0,1.0,107.0,227.0,0.02,0.00,1.0,,,,2025-02-07 10:46:00,2025-02-07 10:46:00
category_summary,"Aksesoris Pintu, Celengan",2.0,,,9.0,8.0,1.0,11.11,23.0,244500,30563,0,9.0,8.0,108.0,61.0,0.02,0.04,1.0,,,,2024-10-10 06:25:00,2025-11-20 21:55:00
category_summary,"Baskom / Mangkok Besar, Gantungan Baju / Hanger, Other, Peralatan Makan, Spatula, Talenan, Toples / Sealware",7.0,,,1.0,1.0,0.0,0.00,10.0,241846,241846,0,1.0,1.0,109.0,227.0,0.02,0.00,1.0,,,,2024-10-23 09:45:00,2024-10-23 09:45:00
category_summary,"Aksesoris Pintu, Perlengkapan Packing",2.0,,,8.0,7.0,1.0,12.50,34.0,239820,34260,0,7.0,7.0,110.0,65.0,0.02,0.04,1.0,,,,2024-12-01 00:00:00,2025-09-15 16:28:00
category_summary,"Mangkok Sambal / Saus, Teko / Jug",2.0,,,2.0,2.0,0.0,0.00,5.0,236233,118117,0,2.0,2.0,111.0,142.0,0.02,0.01,1.0,,,,2024-01-29 11:51:00,2024-08-05 12:44:00
category_summary,"Baskom / Mangkok Besar, Botol / Gelas / Mug, Peralatan Makan, Spatula",4.0,,,1.0,1.0,0.0,0.00,25.0,235429,235429,0,1.0,1.0,112.0,227.0,0.02,0.00,1.0,,,,2024-11-04 09:31:00,2024-11-04 09:31:00
category_summary,"Nampan / Tray, Saringan / Strainer",2.0,,,6.0,6.0,0.0,0.00,17.0,232769,38795,0,5.0,5.0,113.0,78.0,0.02,0.03,1.0,,,,2024-09-07 13:24:00,2025-10-03 17:39:00
category_summary,"Aksesoris Pintu, Nampan / Tray",2.0,,,10.0,8.0,2.0,20.00,30.0,229730,28716,0,8.0,7.0,114.0,55.0,0.02,0.05,1.0,,,,2024-06-23 13:10:00,2025-10-19 13:09:00
category_summary,"Aksesoris Pintu, Baskom / Mangkok Besar",2.0,,,5.0,5.0,0.0,0.00,21.0,229237,45847,0,4.0,4.0,115.0,90.0,0.02,0.02,1.0,,,,2024-08-01 16:08:00,2025-07-01 00:00:00
category_summary,"Aksesoris Pintu, Mangkok Sambal / Saus",2.0,,,4.0,4.0,0.0,0.00,18.0,227500,56875,0,4.0,4.0,116.0,99.0,0.02,0.02,1.0,,,,2025-01-13 16:08:00,2025-07-01 00:00:00
category_summary,"Baskom / Mangkok Besar, Botol / Gelas / Mug, Plastik / Wadah Plastik",3.0,,,1.0,1.0,0.0,0.00,12.0,226060,226060,0,1.0,1.0,117.0,227.0,0.02,0.00,1.0,,,,2025-07-01 00:00:00,2025-07-01 00:00:00
category_summary,"Aksesoris Pintu, Seal / Baut / Roof",2.0,,,5.0,4.0,1.0,20.00,14.0,221680,55420,0,4.0,4.0,118.0,90.0,0.02,0.02,1.0,,,,2024-11-25 14:58:00,2025-10-02 11:52:00
category_summary,"Celengan, Other, Peralatan Makan",3.0,,,3.0,3.0,0.0,0.00,20.0,219006,73002,0,3.0,3.0,119.0,121.0,0.02,0.01,1.0,,,,2023-12-07 09:12:00,2024-08-25 12:58:00
category_summary,"Baskom / Mangkok Besar, Nampan / Tray, Sapu / Pembersih Lantai, Saringan / Strainer",4.0,,,1.0,1.0,0.0,0.00,7.0,214520,214520,0,1.0,1.0,120.0,227.0,0.02,0.00,1.0,,,,2024-09-06 07:22:00,2024-09-06 07:22:00
category_summary,"Baskom / Mangkok Besar, Other, Perlengkapan Packing, Piring, Pisau / Alat Potong, Saringan / Strainer",6.0,,,1.0,1.0,0.0,0.00,11.0,214000,214000,0,1.0,1.0,121.0,227.0,0.02,0.00,1.0,,,,2024-10-11 19:36:00,2024-10-11 19:36:00
category_summary,"Botol / Gelas / Mug, Mangkok Sambal / Saus, Other",3.0,,,4.0,3.0,0.0,0.00,15.0,206500,68833,0,4.0,3.0,122.0,99.0,0.02,0.02,1.0,,,,2024-06-28 23:25:00,2025-11-25 08:00:00
category_summary,"Baskom / Mangkok Besar, Cobek / Ulekan, Other, Perlengkapan Packing, Piring, Pisau / Alat Potong, Saringan / Strainer, Talenan",8.0,,,1.0,1.0,0.0,0.00,12.0,206000,206000,0,1.0,1.0,123.0,227.0,0.02,0.00,1.0,,,,2024-10-19 09:08:00,2024-10-19 09:08:00
category_summary,"Keranjang, Mangkok Sambal / Saus",2.0,,,6.0,6.0,0.0,0.00,15.0,205365,34228,0,5.0,5.0,124.0,78.0,0.02,0.03,1.0,,,,2023-12-12 06:27:00,2025-11-10 22:22:00
category_summary,"Lunch Box / Rantang, Saringan / Strainer",2.0,,,1.0,1.0,0.0,0.00,16.0,204595,204595,0,1.0,1.0,125.0,227.0,0.02,0.00,1.0,,,,2024-02-27 17:58:00,2024-02-27 17:58:00
category_summary,Sikat / Pembersih,1.0,,,5.0,4.0,1.0,20.00,28.0,203600,50900,0,5.0,4.0,126.0,90.0,0.02,0.02,1.0,,,,2025-02-22 04:38:00,2025-08-13 19:11:00
category_summary,"Aksesoris Pintu, Gantungan Baju / Hanger",2.0,,,9.0,7.0,2.0,22.22,22.0,202545,28935,0,6.0,5.0,127.0,61.0,0.02,0.04,1.0,,,,2024-10-19 10:35:00,2025-09-12 16:42:00
category_summary,"Botol / Gelas / Mug, Keranjang, Mangkok Sambal / Saus, Nampan / Tray, Other, Peralatan Makan",6.0,,,1.0,1.0,0.0,0.00,18.0,201306,201306,0,1.0,1.0,128.0,227.0,0.02,0.00,1.0,,,,2024-05-02 11:36:00,2024-05-02 11:36:00
category_summary,"Aksesoris Mandi, Celengan",2.0,,,6.0,5.0,1.0,16.67,15.0,201292,40258,0,6.0,5.0,129.0,78.0,0.02,0.03,1.0,,,,2024-01-26 15:14:00,2025-02-13 14:35:00
category_summary,"Keranjang, Nampan / Tray, Other, Toples / Sealware",4.0,,,1.0,1.0,0.0,0.00,15.0,200206,200206,0,1.0,1.0,130.0,227.0,0.02,0.00,1.0,,,,2025-10-04 11:37:00,2025-10-04 11:37:00
category_summary,"Botol / Gelas / Mug, Mangkok Sambal / Saus, Teko / Jug",3.0,,,2.0,2.0,0.0,0.00,21.0,199955,99978,0,2.0,2.0,131.0,142.0,0.02,0.01,1.0,,,,2025-02-11 22:18:00,2025-09-05 13:26:00
category_summary,"Celengan, Keranjang, Other, Sapu / Pembersih Lantai, Saringan / Strainer",5.0,,,1.0,1.0,0.0,0.00,8.0,198616,198616,0,1.0,1.0,132.0,227.0,0.02,0.00,1.0,,,,2024-11-23 12:14:00,2024-11-23 12:14:00
category_summary,"Keranjang, Other, Pengolah Bumbu / Sayur, Plastik / Wadah Plastik, Spatula",5.0,,,1.0,1.0,0.0,0.00,9.0,198508,198508,0,1.0,1.0,133.0,227.0,0.02,0.00,1.0,,,,2024-10-21 07:29:00,2024-10-21 07:29:00
category_summary,"Peralatan Makan, Saringan / Strainer",2.0,,,4.0,4.0,0.0,0.00,14.0,195410,48853,0,4.0,4.0,134.0,99.0,0.02,0.02,1.0,,,,2024-08-01 12:20:00,2025-02-04 19:35:00
category_summary,"Mangkok Sambal / Saus, Nampan / Tray, Other",3.0,,,3.0,3.0,0.0,0.00,14.0,193560,64520,0,3.0,3.0,135.0,121.0,0.02,0.01,1.0,,,,2024-06-06 01:43:00,2025-02-23 23:47:00
category_summary,"Cobek / Ulekan, Talenan",2.0,,,2.0,2.0,0.0,0.00,4.0,190667,95334,0,1.0,1.0,136.0,142.0,0.02,0.01,1.0,,,,2025-01-21 12:33:00,2025-06-07 11:27:00
category_summary,"Aksesoris Pintu, Plastik / Wadah Plastik",2.0,,,11.0,11.0,0.0,0.00,35.0,189354,17214,0,8.0,8.0,137.0,47.0,0.02,0.05,1.0,,,,2024-10-31 14:27:00,2025-07-01 00:00:00
category_summary,"Aksesoris Pintu, Botol / Gelas / Mug",2.0,,,12.0,8.0,3.0,25.00,24.0,185132,23142,0,11.0,8.0,138.0,45.0,0.02,0.06,1.0,,,,2024-06-15 22:19:00,2025-11-30 10:03:00
category_summary,"Gayung, Toples / Sealware",2.0,,,1.0,1.0,0.0,0.00,6.0,181340,181340,0,1.0,1.0,139.0,227.0,0.02,0.00,1.0,,,,2024-02-17 12:18:00,2024-02-17 12:18:00
category_summary,"Celengan, Saringan / Strainer, Sikat / Pembersih",3.0,,,2.0,2.0,0.0,0.00,14.0,177626,88813,0,1.0,1.0,140.0,142.0,0.02,0.01,1.0,,,,2024-05-12 09:10:00,2025-01-03 12:11:00
category_summary,"Nampan / Tray, Other, Saringan / Strainer, Spatula",4.0,,,1.0,1.0,0.0,0.00,7.0,176500,176500,0,1.0,1.0,141.0,227.0,0.02,0.00,1.0,,,,2025-03-10 09:20:00,2025-03-10 09:20:00
category_summary,"Bangku / Kursi Kecil, Botol / Gelas / Mug, Other, Piring, Pisau / Alat Potong",5.0,,,1.0,1.0,0.0,0.00,11.0,176490,176490,0,1.0,1.0,142.0,227.0,0.02,0.00,1.0,,,,2024-09-25 20:48:00,2024-09-25 20:48:00
category_summary,"Bangku / Kursi Kecil, Cobek / Ulekan, Rak / Rak Serbaguna",3.0,,,1.0,1.0,0.0,0.00,3.0,175710,175710,0,1.0,1.0,143.0,227.0,0.02,0.00,1.0,,,,2024-10-30 23:08:00,2024-10-30 23:08:00
category_summary,"Celengan, Peralatan Makan, Toples / Sealware",3.0,,,1.0,1.0,0.0,0.00,7.0,173624,173624,0,1.0,1.0,144.0,227.0,0.02,0.00,1.0,,,,2024-04-27 00:57:00,2024-04-27 00:57:00
category_summary,"Other, Rak / Rak Serbaguna",2.0,,,2.0,2.0,0.0,0.00,4.0,173215,86608,0,2.0,2.0,145.0,142.0,0.02,0.01,1.0,,,,2024-02-22 16:13:00,2024-04-22 18:39:00
category_summary,"Other, Peralatan Makan, Perlengkapan Packing",3.0,,,1.0,1.0,0.0,0.00,3.0,172520,172520,0,1.0,1.0,146.0,227.0,0.02,0.00,1.0,,,,2024-06-03 10:39:00,2024-06-03 10:39:00
category_summary,"Bangku / Kursi Kecil, Keranjang, Lunch Box / Rantang, Other, Peralatan Makan, Plastik / Wadah Plastik, Sikat / Pembersih",7.0,,,1.0,1.0,0.0,0.00,8.0,172500,172500,0,1.0,1.0,147.0,227.0,0.02,0.00,1.0,,,,2024-12-01 00:00:00,2024-12-01 00:00:00
category_summary,"Other, Plastik / Wadah Plastik, Sapu / Pembersih Lantai, Sikat / Pembersih",4.0,,,1.0,1.0,0.0,0.00,7.0,171921,171921,0,1.0,1.0,148.0,227.0,0.02,0.00,1.0,,,,2024-06-24 16:43:00,2024-06-24 16:43:00
category_summary,"Other, Rak / Rak Serbaguna, Sikat / Pembersih",3.0,,,1.0,1.0,0.0,0.00,4.0,170720,170720,0,1.0,1.0,149.0,227.0,0.02,0.00,1.0,,,,2024-05-23 09:59:00,2024-05-23 09:59:00
category_summary,"Bangku / Kursi Kecil, Keranjang, Other, Rak / Rak Serbaguna",4.0,,,1.0,1.0,0.0,0.00,4.0,169545,169545,0,1.0,1.0,150.0,227.0,0.02,0.00,1.0,,,,2024-11-04 10:30:00,2024-11-04 10:30:00
category_summary,"Aksesoris Pintu, Nampan / Tray, Other, Peralatan Makan, Pisau / Alat Potong, Plastik / Wadah Plastik, Rak / Rak Serbaguna, Sapu / Pembersih Lantai",8.0,,,1.0,1.0,0.0,0.00,8.0,169200,169200,0,1.0,1.0,151.0,227.0,0.02,0.00,1.0,,,,2025-04-10 12:14:00,2025-04-10 12:14:00
category_summary,"Baskom / Mangkok Besar, Botol / Gelas / Mug, Keranjang, Mangkok Sambal / Saus, Nampan / Tray",5.0,,,1.0,1.0,0.0,0.00,11.0,168546,168546,0,1.0,1.0,152.0,227.0,0.02,0.00,1.0,,,,2025-07-01 00:00:00,2025-07-01 00:00:00
category_summary,"Mangkok Sambal / Saus, Tempat Nasi",2.0,,,2.0,2.0,0.0,0.00,4.0,167032,83516,0,2.0,2.0,153.0,142.0,0.02,0.01,1.0,,,,2024-05-09 15:34:00,2025-03-14 21:48:00
category_summary,"Cobek / Ulekan, Other, Sapu / Pembersih Lantai",3.0,,,1.0,1.0,0.0,0.00,3.0,167000,167000,0,1.0,1.0,154.0,227.0,0.02,0.00,1.0,,,,2024-06-16 13:21:00,2024-06-16 13:21:00
category_summary,"Mangkok Sambal / Saus, Talenan",2.0,,,3.0,3.0,0.0,0.00,10.0,166998,55666,0,3.0,3.0,155.0,121.0,0.02,0.01,1.0,,,,2024-07-11 07:43:00,2024-12-01 00:00:00
category_summary,"Baskom / Mangkok Besar, Keranjang",2.0,,,4.0,3.0,1.0,25.00,10.0,165425,55142,0,3.0,2.0,156.0,99.0,0.02,0.02,1.0,,,,2025-03-12 20:50:00,2025-10-27 13:47:00
category_summary,"Celengan, Peralatan Kamar Mandi",2.0,,,5.0,5.0,0.0,0.00,11.0,164718,32944,0,5.0,5.0,157.0,90.0,0.02,0.02,1.0,,,,2024-04-01 13:07:00,2025-08-19 15:27:00
category_summary,"Baskom / Mangkok Besar, Nampan / Tray, Other, Peralatan Makan, Rak / Rak Serbaguna, Saringan / Strainer, Teko / Jug",7.0,,,1.0,1.0,0.0,0.00,14.0,164000,164000,0,1.0,1.0,158.0,227.0,0.02,0.00,1.0,,,,2024-07-05 16:36:00,2024-07-05 16:36:00
category_summary,"Aksesoris Pintu, Peralatan Kamar Mandi",2.0,,,7.0,7.0,0.0,0.00,16.0,161303,23043,0,7.0,7.0,159.0,71.0,0.02,0.03,1.0,,,,2024-12-01 00:00:00,2025-11-17 18:52:00
category_summary,"Aksesoris Pintu, Spatula",2.0,,,6.0,6.0,0.0,0.00,15.0,159392,26565,0,5.0,5.0,160.0,78.0,0.02,0.03,1.0,,,,2024-09-20 19:15:00,2025-06-24 18:02:00
category_summary,"Mangkok Sambal / Saus, Other, Saringan / Strainer",3.0,,,4.0,4.0,0.0,0.00,13.0,158900,39725,0,4.0,4.0,161.0,99.0,0.02,0.02,1.0,,,,2023-12-05 19:25:00,2025-02-07 16:51:00
category_summary,"Pengolah Bumbu / Sayur, Pisau / Alat Potong",2.0,,,1.0,1.0,0.0,0.00,3.0,158140,158140,0,1.0,1.0,162.0,227.0,0.02,0.00,1.0,,,,2025-06-21 18:56:00,2025-06-21 18:56:00
category_summary,"Keranjang, Mangkok Sambal / Saus, Other, Peralatan Makan, Spatula",5.0,,,1.0,1.0,0.0,0.00,14.0,155000,155000,0,1.0,1.0,163.0,227.0,0.01,0.00,1.0,,,,2023-12-06 11:49:00,2023-12-06 11:49:00
category_summary,"Keranjang, Other, Rak / Rak Serbaguna, Spatula",4.0,,,1.0,1.0,0.0,0.00,6.0,154400,154400,0,1.0,1.0,164.0,227.0,0.01,0.00,1.0,,,,2024-03-28 16:43:00,2024-03-28 16:43:00
category_summary,"Mangkok Sambal / Saus, Peralatan Kamar Mandi",2.0,,,1.0,1.0,0.0,0.00,7.0,153816,153816,0,1.0,1.0,165.0,227.0,0.01,0.00,1.0,,,,2024-02-22 12:47:00,2024-02-22 12:47:00
category_summary,"Baskom / Mangkok Besar, Mangkok Sambal / Saus, Other, Perlengkapan Packing, Sapu / Pembersih Lantai, Tempat Nasi, Toples / Sealware",7.0,,,1.0,1.0,0.0,0.00,10.0,153207,153207,0,1.0,1.0,166.0,227.0,0.01,0.00,1.0,,,,2024-04-22 18:17:00,2024-04-22 18:17:00
category_summary,"Baskom / Mangkok Besar, Mangkok Sambal / Saus, Other, Rak / Rak Serbaguna",4.0,,,1.0,1.0,0.0,0.00,10.0,152840,152840,0,1.0,1.0,167.0,227.0,0.01,0.00,1.0,,,,2025-02-12 11:05:00,2025-02-12 11:05:00
category_summary,"Botol / Gelas / Mug, Plastik / Wadah Plastik",2.0,,,2.0,2.0,0.0,0.00,17.0,152377,76189,0,2.0,2.0,168.0,142.0,0.01,0.01,1.0,,,,2024-10-03 11:21:00,2025-07-01 00:00:00
category_summary,"Lunch Box / Rantang, Rak / Rak Serbaguna",2.0,,,2.0,2.0,0.0,0.00,6.0,151883,75942,0,2.0,2.0,169.0,142.0,0.01,0.01,1.0,,,,2024-06-21 13:09:00,2024-12-01 00:00:00
category_summary,"Perlengkapan Packing, Tempat Nasi",2.0,,,2.0,2.0,0.0,0.00,8.0,151381,75691,0,2.0,2.0,170.0,142.0,0.01,0.01,1.0,,,,2025-03-12 19:49:00,2025-09-09 06:26:00
category_summary,"Keranjang, Perlengkapan Packing, Rak / Rak Serbaguna, Sikat / Pembersih, Teko / Jug",5.0,,,1.0,1.0,0.0,0.00,5.0,149965,149965,0,1.0,1.0,171.0,227.0,0.01,0.00,2.0,,,,2024-05-14 16:09:00,2024-05-14 16:09:00
category_summary,"Botol / Gelas / Mug, Keranjang, Mangkok Sambal / Saus, Peralatan Makan, Toples / Sealware",5.0,,,1.0,1.0,0.0,0.00,19.0,146808,146808,0,1.0,1.0,172.0,227.0,0.01,0.00,2.0,,,,2025-04-29 13:03:00,2025-04-29 13:03:00
category_summary,"Botol / Gelas / Mug, Mangkok Sambal / Saus, Peralatan Makan",3.0,,,4.0,3.0,1.0,25.00,19.0,146519,48840,0,4.0,3.0,173.0,99.0,0.01,0.02,2.0,,,,2024-02-06 14:08:00,2025-10-19 00:14:00
category_summary,"Baskom / Mangkok Besar, Nampan / Tray, Other",3.0,,,1.0,1.0,0.0,0.00,6.0,145941,145941,0,1.0,1.0,174.0,227.0,0.01,0.00,2.0,,,,2025-02-14 16:30:00,2025-02-14 16:30:00
category_summary,"Mangkok Sambal / Saus, Other, Sikat / Pembersih",3.0,,,2.0,2.0,0.0,0.00,12.0,145418,72709,0,2.0,2.0,175.0,142.0,0.01,0.01,2.0,,,,2024-07-17 17:17:00,2024-08-18 12:56:00
category_summary,"Baskom / Mangkok Besar, Mangkok Sambal / Saus, Other, Pisau / Alat Potong, Saringan / Strainer, Sikat / Pembersih, Toples / Sealware",7.0,,,1.0,1.0,0.0,0.00,15.0,145300,145300,0,1.0,1.0,176.0,227.0,0.01,0.00,2.0,,,,2024-08-15 15:21:00,2024-08-15 15:21:00
category_summary,"Cobek / Ulekan, Gayung, Pisau / Alat Potong, Plastik / Wadah Plastik, Sapu / Pembersih Lantai, Sikat / Pembersih",6.0,,,1.0,1.0,0.0,0.00,6.0,145000,145000,0,1.0,1.0,177.0,227.0,0.01,0.00,2.0,,,,2024-10-06 18:50:00,2024-10-06 18:50:00
category_summary,"Baskom / Mangkok Besar, Botol / Gelas / Mug, Other, Piring, Saringan / Strainer",5.0,,,1.0,1.0,0.0,0.00,8.0,144198,144198,0,1.0,1.0,178.0,227.0,0.01,0.00,2.0,,,,2025-01-20 12:41:00,2025-01-20 12:41:00
category_summary,"Celengan, Sikat / Pembersih",2.0,,,4.0,4.0,0.0,0.00,8.0,144137,36034,0,4.0,4.0,179.0,99.0,0.01,0.02,2.0,,,,2024-01-09 22:23:00,2025-01-01 21:48:00
category_summary,"Bangku / Kursi Kecil, Baskom / Mangkok Besar, Plastik / Wadah Plastik",3.0,,,1.0,1.0,0.0,0.00,4.0,144000,144000,0,1.0,1.0,180.0,227.0,0.01,0.00,2.0,,,,2025-08-21 17:36:00,2025-08-21 17:36:00
category_summary,"Baskom / Mangkok Besar, Saringan / Strainer, Spatula",3.0,,,1.0,1.0,0.0,0.00,3.0,143890,143890,0,1.0,1.0,181.0,227.0,0.01,0.00,2.0,,,,2024-10-15 16:55:00,2024-10-15 16:55:00
category_summary,"Botol / Gelas / Mug, Other, Peralatan Makan, Rak / Rak Serbaguna, Saringan / Strainer, Spatula",6.0,,,1.0,1.0,0.0,0.00,9.0,142119,142119,0,1.0,1.0,182.0,227.0,0.01,0.00,2.0,,,,2024-07-10 06:34:00,2024-07-10 06:34:00
category_summary,"Aksesoris Pintu, Sikat / Pembersih",2.0,,,7.0,7.0,0.0,0.00,19.0,142072,20296,0,6.0,6.0,183.0,71.0,0.01,0.03,2.0,,,,2024-11-23 21:21:00,2025-10-28 20:45:00
category_summary,"Baskom / Mangkok Besar, Cobek / Ulekan, Keranjang, Pisau / Alat Potong, Saringan / Strainer",5.0,,,1.0,1.0,0.0,0.00,6.0,141912,141912,0,1.0,1.0,184.0,227.0,0.01,0.00,2.0,,,,2024-09-16 19:12:00,2024-09-16 19:12:00
category_summary,"Mangkok Sambal / Saus, Rak / Rak Serbaguna",2.0,,,3.0,2.0,1.0,33.33,4.0,141908,70954,0,3.0,2.0,185.0,121.0,0.01,0.01,2.0,,,,2024-03-05 21:21:00,2024-08-24 19:43:00
category_summary,"Celengan, Peralatan Makan, Rak / Rak Serbaguna",3.0,,,1.0,1.0,0.0,0.00,7.0,141500,141500,0,1.0,1.0,186.0,227.0,0.01,0.00,2.0,,,,2024-06-21 11:33:00,2024-06-21 11:33:00
category_summary,"Keranjang, Mangkok Sambal / Saus, Nampan / Tray, Peralatan Makan, Spatula",5.0,,,1.0,1.0,0.0,0.00,12.0,139370,139370,0,1.0,1.0,187.0,227.0,0.01,0.00,2.0,,,,2024-05-03 23:32:00,2024-05-03 23:32:00
category_summary,"Baskom / Mangkok Besar, Gayung, Other",3.0,,,1.0,1.0,0.0,0.00,4.0,138905,138905,0,1.0,1.0,188.0,227.0,0.01,0.00,2.0,,,,2024-08-12 08:55:00,2024-08-12 08:55:00
category_summary,"Baskom / Mangkok Besar, Celengan, Other, Teko / Jug",4.0,,,1.0,1.0,0.0,0.00,5.0,138102,138102,0,1.0,1.0,189.0,227.0,0.01,0.00,2.0,,,,2024-08-08 12:07:00,2024-08-08 12:07:00
category_summary,"Baskom / Mangkok Besar, Keranjang, Mangkok Sambal / Saus, Peralatan Makan, Plastik / Wadah Plastik",5.0,,,2.0,2.0,0.0,0.00,16.0,138020,69010,0,2.0,2.0,190.0,142.0,0.01,0.01,2.0,,,,2024-01-06 19:50:00,2024-10-03 23:09:00
category_summary,"Nampan / Tray, Other, Spatula",3.0,,,1.0,1.0,0.0,0.00,3.0,138000,138000,0,1.0,1.0,191.0,227.0,0.01,0.00,2.0,,,,2024-07-03 05:41:00,2024-07-03 05:41:00
category_summary,"Baskom / Mangkok Besar, Lunch Box / Rantang",2.0,,,2.0,1.0,1.0,50.00,10.0,137835,137835,0,2.0,1.0,192.0,142.0,0.01,0.01,2.0,,,,2024-07-01 18:33:00,2025-07-01 00:00:00
category_summary,"Baskom / Mangkok Besar, Other, Peralatan Makan",3.0,,,2.0,1.0,1.0,50.00,11.0,135780,135780,0,2.0,1.0,193.0,142.0,0.01,0.01,2.0,,,,2024-09-19 15:39:00,2025-01-19 11:02:00
category_summary,"Other, Talenan",2.0,,,1.0,1.0,0.0,0.00,3.0,135734,135734,0,1.0,1.0,194.0,227.0,0.01,0.00,2.0,,,,2025-02-19 11:48:00,2025-02-19 11:48:00
category_summary,"Botol / Gelas / Mug, Celengan, Gantungan Baju / Hanger, Keranjang, Lunch Box / Rantang, Other, Sapu / Pembersih Lantai, Saringan / Strainer, Talenan, Tempat Nasi, Toples / Sealware",11.0,,,1.0,1.0,0.0,0.00,13.0,135572,135572,0,1.0,1.0,195.0,227.0,0.01,0.00,2.0,,,,2025-08-01 10:59:00,2025-08-01 10:59:00
category_summary,"Keranjang, Mangkok Sambal / Saus, Nampan / Tray",3.0,,,4.0,2.0,1.0,25.00,10.0,134601,67301,0,3.0,2.0,196.0,99.0,0.01,0.02,2.0,,,,2024-07-14 13:15:00,2025-11-26 21:13:00
category_summary,"Mangkok Sambal / Saus, Nampan / Tray, Peralatan Makan",3.0,,,3.0,3.0,0.0,0.00,13.0,134414,44805,0,3.0,3.0,197.0,121.0,0.01,0.01,2.0,,,,2024-09-09 08:11:00,2025-08-20 18:51:00
category_summary,"Gantungan Baju / Hanger, Other, Plastik / Wadah Plastik, Sikat / Pembersih",4.0,,,1.0,1.0,0.0,0.00,5.0,133000,133000,0,1.0,1.0,198.0,227.0,0.01,0.00,2.0,,,,2024-06-24 18:44:00,2024-06-24 18:44:00
category_summary,"Aksesoris ID Card, Aksesoris Pintu",2.0,,,2.0,2.0,0.0,0.00,15.0,132765,66383,0,2.0,2.0,199.0,142.0,0.01,0.01,2.0,,,,2024-11-07 15:29:00,2025-05-10 16:43:00
category_summary,"Botol / Gelas / Mug, Nampan / Tray, Perlengkapan Packing",3.0,,,1.0,1.0,0.0,0.00,5.0,131806,131806,0,1.0,1.0,200.0,227.0,0.01,0.00,2.0,,,,2025-05-07 17:05:00,2025-05-07 17:05:00
category_summary,"Perlengkapan Packing, Plastik / Wadah Plastik, Rak / Rak Serbaguna",3.0,,,1.0,1.0,0.0,0.00,4.0,130426,130426,0,1.0,1.0,201.0,227.0,0.01,0.00,2.0,,,,2024-09-20 10:23:00,2024-09-20 10:23:00
category_summary,"Botol / Gelas / Mug, Saringan / Strainer, Seal / Baut / Roof",3.0,,,1.0,1.0,0.0,0.00,9.0,130279,130279,0,1.0,1.0,202.0,227.0,0.01,0.00,2.0,,,,2024-03-20 12:32:00,2024-03-20 12:32:00
category_summary,"Aksesoris Pintu, Sapu / Pembersih Lantai",2.0,,,6.0,5.0,1.0,16.67,13.0,130085,26017,0,6.0,5.0,203.0,78.0,0.01,0.03,2.0,,,,2024-08-14 22:27:00,2025-10-25 00:01:00
category_summary,"Celengan, Rak / Rak Serbaguna",2.0,,,3.0,3.0,0.0,0.00,6.0,129990,43330,0,3.0,3.0,204.0,121.0,0.01,0.01,2.0,,,,2023-12-29 12:06:00,2024-10-25 11:41:00
category_summary,"Peralatan Makan, Teko / Jug",2.0,,,3.0,3.0,0.0,0.00,6.0,129255,43085,0,3.0,3.0,205.0,121.0,0.01,0.01,2.0,,,,2024-07-30 09:14:00,2024-10-12 11:35:00
category_summary,"Botol / Gelas / Mug, Other, Perlengkapan Packing, Sapu / Pembersih Lantai",4.0,,,1.0,1.0,0.0,0.00,4.0,129222,129222,0,1.0,1.0,206.0,227.0,0.01,0.00,2.0,,,,2024-08-08 11:01:00,2024-08-08 11:01:00
category_summary,"Gantungan Baju / Hanger, Other, Peralatan Kamar Mandi, Pisau / Alat Potong, Plastik / Wadah Plastik",5.0,,,1.0,1.0,0.0,0.00,6.0,127900,127900,0,1.0,1.0,207.0,227.0,0.01,0.00,2.0,,,,2025-05-14 08:13:00,2025-05-14 08:13:00
category_summary,"Gantungan Baju / Hanger, Plastik / Wadah Plastik",2.0,,,1.0,1.0,0.0,0.00,2.0,126664,126664,0,1.0,1.0,208.0,227.0,0.01,0.00,2.0,,,,2024-09-02 12:03:00,2024-09-02 12:03:00
category_summary,"Aksesoris Pintu, Baskom / Mangkok Besar, Other",3.0,,,1.0,1.0,0.0,0.00,7.0,125797,125797,0,1.0,1.0,209.0,227.0,0.01,0.00,2.0,,,,2024-09-01 10:08:00,2024-09-01 10:08:00
category_summary,"Nampan / Tray, Plastik / Wadah Plastik",2.0,,,4.0,3.0,1.0,25.00,13.0,125532,41844,0,4.0,3.0,210.0,99.0,0.01,0.02,2.0,,,,2024-04-14 09:14:00,2025-08-27 22:45:00
category_summary,"Keranjang, Mangkok Sambal / Saus, Other",3.0,,,2.0,2.0,0.0,0.00,11.0,125353,62677,0,2.0,2.0,211.0,142.0,0.01,0.01,2.0,,,,2024-08-14 21:51:00,2025-01-25 23:04:00
category_summary,"Celengan, Other, Saringan / Strainer",3.0,,,2.0,2.0,0.0,0.00,9.0,124812,62406,0,2.0,2.0,212.0,142.0,0.01,0.01,2.0,,,,2024-05-18 23:40:00,2024-08-06 12:48:00
category_summary,"Aksesoris Mandi, Celengan, Sikat / Pembersih",3.0,,,1.0,1.0,0.0,0.00,8.0,124100,124100,0,1.0,1.0,213.0,227.0,0.01,0.00,2.0,,,,2024-05-03 17:36:00,2024-05-03 17:36:00
category_summary,"Other, Perlengkapan Packing, Pisau / Alat Potong",3.0,,,1.0,1.0,0.0,0.00,5.0,123312,123312,0,1.0,1.0,214.0,227.0,0.01,0.00,2.0,,,,2024-04-20 16:32:00,2024-04-20 16:32:00
category_summary,"Aksesoris Mandi, Botol / Gelas / Mug, Mangkok Sambal / Saus, Other, Peralatan Kamar Mandi",5.0,,,1.0,1.0,0.0,0.00,11.0,123200,123200,0,1.0,1.0,215.0,227.0,0.01,0.00,2.0,,,,2025-01-04 22:53:00,2025-01-04 22:53:00
category_summary,"Nampan / Tray, Plastik / Wadah Plastik, Rak / Rak Serbaguna",3.0,,,1.0,1.0,0.0,0.00,8.0,122804,122804,0,1.0,1.0,216.0,227.0,0.01,0.00,2.0,,,,2024-02-04 07:18:00,2024-02-04 07:18:00
category_summary,"Keranjang, Saringan / Strainer",2.0,,,2.0,2.0,0.0,0.00,5.0,122530,61265,0,2.0,2.0,217.0,142.0,0.01,0.01,2.0,,,,2024-08-08 14:53:00,2024-08-23 05:12:00
category_summary,"Aksesoris ID Card, Teko / Jug",2.0,,,1.0,1.0,0.0,0.00,2.0,122500,122500,0,1.0,1.0,218.0,227.0,0.01,0.00,2.0,,,,2025-01-15 12:38:00,2025-01-15 12:38:00
category_summary,"Gantungan Baju / Hanger, Mangkok Sambal / Saus, Nampan / Tray, Other, Pisau / Alat Potong, Saringan / Strainer",6.0,,,1.0,1.0,0.0,0.00,9.0,122318,122318,0,1.0,1.0,219.0,227.0,0.01,0.00,2.0,,,,2025-04-10 15:54:00,2025-04-10 15:54:00
category_summary,"Other, Teko / Jug",2.0,,,4.0,3.0,1.0,25.00,6.0,121337,40446,0,4.0,3.0,220.0,99.0,0.01,0.02,2.0,,,,2024-03-01 07:06:00,2024-12-01 00:00:00
category_summary,"Keranjang, Other, Plastik / Wadah Plastik, Saringan / Strainer, Tempat Nasi",5.0,,,1.0,1.0,0.0,0.00,8.0,121162,121162,0,1.0,1.0,221.0,227.0,0.01,0.00,2.0,,,,2024-07-10 10:10:00,2024-07-10 10:10:00
category_summary,"Celengan, Keranjang, Other, Saringan / Strainer",4.0,,,1.0,1.0,0.0,0.00,10.0,120800,120800,0,1.0,1.0,222.0,227.0,0.01,0.00,2.0,,,,2024-02-19 10:45:00,2024-02-19 10:45:00
category_summary,"Mangkok Sambal / Saus, Other, Tempat Sampah",3.0,,,1.0,1.0,0.0,0.00,6.0,119372,119372,0,1.0,1.0,223.0,227.0,0.01,0.00,2.0,,,,2024-04-13 23:03:00,2024-04-13 23:03:00
category_summary,"Celengan, Keranjang, Plastik / Wadah Plastik",3.0,,,3.0,3.0,0.0,0.00,9.0,117740,39247,0,3.0,3.0,224.0,121.0,0.01,0.01,2.0,,,,2024-07-28 15:52:00,2024-12-01 00:00:00
category_summary,"Botol / Gelas / Mug, Pisau / Alat Potong",2.0,,,1.0,1.0,0.0,0.00,3.0,117480,117480,0,1.0,1.0,225.0,227.0,0.01,0.00,2.0,,,,2024-08-03 07:35:00,2024-08-03 07:35:00
category_summary,"Mangkok Sambal / Saus, Other, Pengolah Bumbu / Sayur, Peralatan Makan",4.0,,,1.0,1.0,0.0,0.00,8.0,116960,116960,0,1.0,1.0,226.0,227.0,0.01,0.00,2.0,,,,2024-07-31 02:15:00,2024-07-31 02:15:00
category_summary,"Lunch Box / Rantang, Peralatan Makan, Spatula",3.0,,,1.0,1.0,0.0,0.00,3.0,115000,115000,0,1.0,1.0,227.0,227.0,0.01,0.00,2.0,,,,2024-08-26 12:32:00,2024-08-26 12:32:00
category_summary,"Keranjang, Nampan / Tray, Peralatan Kamar Mandi, Rak / Rak Serbaguna",4.0,,,1.0,1.0,0.0,0.00,5.0,114636,114636,0,1.0,1.0,228.0,227.0,0.01,0.00,2.0,,,,2024-07-12 09:07:00,2024-07-12 09:07:00
category_summary,Aksesoris Motor,1.0,,,1.0,1.0,0.0,0.00,1.0,114362,114362,0,1.0,1.0,229.0,227.0,0.01,0.00,2.0,,,,2024-08-08 22:50:00,2024-08-08 22:50:00
category_summary,"Botol / Gelas / Mug, Other, Perkakas",3.0,,,1.0,1.0,0.0,0.00,6.0,114000,114000,0,1.0,1.0,230.0,227.0,0.01,0.00,2.0,,,,2024-09-02 21:23:00,2024-09-02 21:23:00
category_summary,"Bangku / Kursi Kecil, Celengan, Pisau / Alat Potong, Spatula",4.0,,,1.0,1.0,0.0,0.00,5.0,113800,113800,0,1.0,1.0,231.0,227.0,0.01,0.00,2.0,,,,2024-03-12 19:22:00,2024-03-12 19:22:00
category_summary,"Botol / Gelas / Mug, Stempel / Alat Kantor",2.0,,,3.0,3.0,0.0,0.00,7.0,112808,37603,0,3.0,3.0,232.0,121.0,0.01,0.01,2.0,,,,2024-08-02 23:48:00,2025-01-20 11:41:00
category_summary,"Aksesoris Pintu, Mangkok Sambal / Saus, Peralatan Kamar Mandi, Plastik / Wadah Plastik",4.0,,,1.0,1.0,0.0,0.00,10.0,112060,112060,0,1.0,1.0,233.0,227.0,0.01,0.00,2.0,,,,2024-09-30 12:57:00,2024-09-30 12:57:00
category_summary,"Mangkok Sambal / Saus, Peralatan Makan, Sapu / Pembersih Lantai",3.0,,,1.0,1.0,0.0,0.00,7.0,112000,112000,0,1.0,1.0,234.0,227.0,0.01,0.00,2.0,,,,2024-07-14 18:07:00,2024-07-14 18:07:00
category_summary,"Mangkok Sambal / Saus, Peralatan Makan, Talenan",3.0,,,1.0,1.0,0.0,0.00,5.0,111760,111760,0,1.0,1.0,235.0,227.0,0.01,0.00,2.0,,,,2024-01-07 19:43:00,2024-01-07 19:43:00
category_summary,"Celengan, Gayung",2.0,,,2.0,2.0,0.0,0.00,7.0,111600,55800,0,2.0,2.0,236.0,142.0,0.01,0.01,2.0,,,,2024-07-20 22:48:00,2024-08-07 14:05:00
category_summary,"Celengan, Nampan / Tray, Toples / Sealware",3.0,,,1.0,1.0,0.0,0.00,6.0,111600,111600,0,1.0,1.0,236.0,227.0,0.01,0.00,2.0,,,,2024-11-27 11:09:00,2024-11-27 11:09:00
category_summary,"Bangku / Kursi Kecil, Sapu / Pembersih Lantai",2.0,,,3.0,3.0,0.0,0.00,6.0,111349,37116,0,3.0,3.0,238.0,121.0,0.01,0.01,2.0,,,,2024-12-01 00:00:00,2025-09-28 12:48:00
category_summary,"Aksesoris Pintu, Bangku / Kursi Kecil, Celengan, Peralatan Kamar Mandi, Perkakas, Sapu / Pembersih Lantai",6.0,,,1.0,1.0,0.0,0.00,6.0,111211,111211,0,1.0,1.0,239.0,227.0,0.01,0.00,2.0,,,,2024-09-01 22:01:00,2024-09-01 22:01:00
category_summary,"Aksesoris Pintu, Gantungan Baju / Hanger, Other, Toples / Sealware",4.0,,,1.0,1.0,0.0,0.00,7.0,110700,110700,0,1.0,1.0,240.0,227.0,0.01,0.00,2.0,,,,2025-06-05 13:38:00,2025-06-05 13:38:00
category_summary,"Keranjang, Piring, Rak / Rak Serbaguna, Toples / Sealware",4.0,,,1.0,1.0,0.0,0.00,4.0,110455,110455,0,1.0,1.0,241.0,227.0,0.01,0.00,2.0,,,,2025-04-25 21:03:00,2025-04-25 21:03:00
category_summary,"Cobek / Ulekan, Gantungan Baju / Hanger, Other, Saringan / Strainer",4.0,,,1.0,1.0,0.0,0.00,4.0,109500,109500,0,1.0,1.0,242.0,227.0,0.01,0.00,2.0,,,,2025-01-24 11:55:00,2025-01-24 11:55:00
category_summary,"Botol / Gelas / Mug, Mangkok Sambal / Saus, Nampan / Tray, Peralatan Makan",4.0,,,1.0,1.0,0.0,0.00,13.0,109000,109000,0,1.0,1.0,243.0,227.0,0.01,0.00,2.0,,,,2025-01-29 14:15:00,2025-01-29 14:15:00
category_summary,"Other, Pisau / Alat Potong",2.0,,,1.0,1.0,0.0,0.00,12.0,108700,108700,0,1.0,1.0,244.0,227.0,0.01,0.00,2.0,,,,2025-02-15 17:28:00,2025-02-15 17:28:00
category_summary,"Baskom / Mangkok Besar, Mangkok Sambal / Saus, Other, Talenan",4.0,,,1.0,1.0,0.0,0.00,7.0,108536,108536,0,1.0,1.0,245.0,227.0,0.01,0.00,2.0,,,,2024-10-18 07:00:00,2024-10-18 07:00:00
category_summary,"Celengan, Toples / Sealware",2.0,,,4.0,4.0,0.0,0.00,10.0,108346,27087,0,4.0,4.0,246.0,99.0,0.01,0.02,2.0,,,,2025-01-06 23:33:00,2025-10-21 14:30:00
category_summary,"Keranjang, Other, Rak / Rak Serbaguna",3.0,,,1.0,1.0,0.0,0.00,3.0,108338,108338,0,1.0,1.0,247.0,227.0,0.01,0.00,2.0,,,,2024-03-08 12:05:00,2024-03-08 12:05:00
category_summary,"Botol / Gelas / Mug, Nampan / Tray",2.0,,,1.0,1.0,0.0,0.00,2.0,108140,108140,0,1.0,1.0,248.0,227.0,0.01,0.00,2.0,,,,2025-10-25 08:36:00,2025-10-25 08:36:00
category_summary,"Pengolah Bumbu / Sayur, Toples / Sealware",2.0,,,1.0,1.0,0.0,0.00,5.0,108000,108000,0,1.0,1.0,249.0,227.0,0.01,0.00,2.0,,,,2024-07-01 19:39:00,2024-07-01 19:39:00
category_summary,"Bangku / Kursi Kecil, Celengan, Peralatan Makan, Rak / Rak Serbaguna",4.0,,,1.0,1.0,0.0,0.00,4.0,107800,107800,0,1.0,1.0,250.0,227.0,0.01,0.00,2.0,,,,2024-08-20 11:44:00,2024-08-20 11:44:00
category_summary,"Pisau / Alat Potong, Rak / Rak Serbaguna",2.0,,,2.0,2.0,0.0,0.00,4.0,107325,53663,0,2.0,2.0,251.0,142.0,0.01,0.01,2.0,,,,2024-07-06 11:22:00,2025-09-19 23:11:00
category_summary,"Celengan, Peralatan Makan, Perlengkapan Packing, Tempat Nasi",4.0,,,1.0,1.0,0.0,0.00,5.0,106700,106700,0,1.0,1.0,252.0,227.0,0.01,0.00,2.0,,,,2024-11-13 06:32:00,2024-11-13 06:32:00
category_summary,"Cobek / Ulekan, Nampan / Tray, Saringan / Strainer",3.0,,,1.0,1.0,0.0,0.00,3.0,106000,106000,0,1.0,1.0,253.0,227.0,0.01,0.00,2.0,,,,2024-06-07 11:39:00,2024-06-07 11:39:00
category_summary,"Baskom / Mangkok Besar, Nampan / Tray, Peralatan Makan, Tempat Nasi",4.0,,,1.0,1.0,0.0,0.00,9.0,105115,105115,0,1.0,1.0,254.0,227.0,0.01,0.00,2.0,,,,2025-03-10 16:40:00,2025-03-10 16:40:00
category_summary,"Mangkok Sambal / Saus, Other, Peralatan Makan, Piring",4.0,,,1.0,1.0,0.0,0.00,15.0,104500,104500,0,1.0,1.0,255.0,227.0,0.01,0.00,2.0,,,,2025-10-02 16:34:00,2025-10-02 16:34:00
category_summary,"Nampan / Tray, Other, Piring",3.0,,,1.0,1.0,0.0,0.00,8.0,103850,103850,0,1.0,1.0,256.0,227.0,0.01,0.00,2.0,,,,2024-12-01 00:00:00,2024-12-01 00:00:00
category_summary,"Baskom / Mangkok Besar, Spatula",2.0,,,2.0,2.0,0.0,0.00,5.0,103500,51750,0,2.0,2.0,257.0,142.0,0.01,0.01,2.0,,,,2024-10-01 17:59:00,2024-12-01 00:00:00
category_summary,"Bangku / Kursi Kecil, Nampan / Tray, Perlengkapan Packing, Saringan / Strainer, Talenan",5.0,,,1.0,1.0,0.0,0.00,8.0,103147,103147,0,1.0,1.0,258.0,227.0,0.01,0.00,2.0,,,,2024-04-27 13:58:00,2024-04-27 13:58:00
category_summary,"Celengan, Lunch Box / Rantang, Plastik / Wadah Plastik",3.0,,,1.0,1.0,0.0,0.00,3.0,102975,102975,0,1.0,1.0,259.0,227.0,0.01,0.00,2.0,,,,2024-06-03 11:11:00,2024-06-03 11:11:00
category_summary,"Aksesoris Pintu, Bangku / Kursi Kecil, Celengan, Keranjang",4.0,,,1.0,1.0,0.0,0.00,7.0,102900,102900,0,1.0,1.0,260.0,227.0,0.01,0.00,2.0,,,,2025-11-01 12:23:00,2025-11-01 12:23:00
category_summary,"Lunch Box / Rantang, Peralatan Makan",2.0,,,1.0,1.0,0.0,0.00,4.0,102379,102379,0,1.0,1.0,261.0,227.0,0.01,0.00,2.0,,,,2024-07-03 11:32:00,2024-07-03 11:32:00
category_summary,"Baskom / Mangkok Besar, Pisau / Alat Potong",2.0,,,2.0,2.0,0.0,0.00,5.0,101726,50863,0,2.0,2.0,262.0,142.0,0.01,0.01,2.0,,,,2024-10-25 13:18:00,2025-02-11 15:00:00
category_summary,"Celengan, Keranjang, Peralatan Makan, Plastik / Wadah Plastik",4.0,,,1.0,1.0,0.0,0.00,6.0,101697,101697,0,1.0,1.0,263.0,227.0,0.01,0.00,2.0,,,,2024-03-14 13:19:00,2024-03-14 13:19:00
category_summary,"Mangkok Sambal / Saus, Peralatan Makan, Plastik / Wadah Plastik",3.0,,,2.0,2.0,0.0,0.00,8.0,101520,50760,0,2.0,2.0,264.0,142.0,0.01,0.01,2.0,,,,2023-12-22 12:32:00,2025-02-19 22:20:00
category_summary,"Plastik / Wadah Plastik, Spatula",2.0,,,1.0,1.0,0.0,0.00,2.0,101495,101495,0,1.0,1.0,265.0,227.0,0.01,0.00,2.0,,,,2024-11-04 03:28:00,2024-11-04 03:28:00
category_summary,"Aksesoris Pintu, Baskom / Mangkok Besar, Other, Pengolah Bumbu / Sayur, Perlengkapan Packing",5.0,,,1.0,1.0,0.0,0.00,9.0,101394,101394,0,1.0,1.0,266.0,227.0,0.01,0.00,2.0,,,,2024-12-01 00:00:00,2024-12-01 00:00:00
category_summary,"Celengan, Perlengkapan Packing, Sapu / Pembersih Lantai",3.0,,,2.0,2.0,0.0,0.00,8.0,101336,50668,0,2.0,2.0,267.0,142.0,0.01,0.01,2.0,,,,2024-02-19 16:10:00,2024-08-25 18:15:00
category_summary,"Celengan, Plastik / Wadah Plastik, Sikat / Pembersih",3.0,,,3.0,2.0,1.0,33.33,10.0,101236,50618,0,2.0,2.0,268.0,121.0,0.01,0.01,2.0,,,,2024-08-08 13:59:00,2025-01-09 19:02:00
category_summary,"Aksesoris Pintu, Botol / Gelas / Mug, Gayung",3.0,,,3.0,2.0,1.0,33.33,13.0,100901,50451,0,2.0,2.0,269.0,121.0,0.01,0.01,2.0,,,,2025-02-25 11:38:00,2025-09-07 06:04:00
category_summary,"Aksesoris Pintu, Keranjang, Other, Peralatan Makan, Plastik / Wadah Plastik, Sapu / Pembersih Lantai, Spatula",7.0,,,1.0,1.0,0.0,0.00,11.0,100800,100800,0,1.0,1.0,270.0,227.0,0.01,0.00,2.0,,,,2025-06-07 14:27:00,2025-06-07 14:27:00
category_summary,"Celengan, Pisau / Alat Potong, Tempat Nasi",3.0,,,1.0,1.0,0.0,0.00,4.0,100138,100138,0,1.0,1.0,271.0,227.0,0.01,0.00,2.0,,,,2025-10-24 16:11:00,2025-10-24 16:11:00
category_summary,"Gayung, Mangkok, Nampan / Tray, Peralatan Makan, Piring, Plastik / Wadah Plastik",6.0,,,1.0,1.0,0.0,0.00,16.0,99900,99900,0,1.0,1.0,272.0,227.0,0.01,0.00,2.0,,,,2024-09-28 03:54:00,2024-09-28 03:54:00
category_summary,"Sapu / Pembersih Lantai, Toples / Sealware",2.0,,,1.0,1.0,0.0,0.00,2.0,99800,99800,0,1.0,1.0,273.0,227.0,0.01,0.00,2.0,,,,2024-03-28 16:45:00,2024-03-28 16:45:00
category_summary,"Botol / Gelas / Mug, Mangkok, Mangkok Sambal / Saus",3.0,,,2.0,1.0,1.0,50.00,11.0,99500,99500,0,2.0,1.0,274.0,142.0,0.01,0.01,2.0,,,,2025-09-02 15:38:00,2025-11-02 22:53:00
category_summary,"Bangku / Kursi Kecil, Celengan, Sapu / Pembersih Lantai",3.0,,,1.0,1.0,0.0,0.00,5.0,99300,99300,0,1.0,1.0,275.0,227.0,0.01,0.00,2.0,,,,2025-01-24 12:00:00,2025-01-24 12:00:00
category_summary,"Botol / Gelas / Mug, Celengan, Peralatan Makan",3.0,,,2.0,2.0,0.0,0.00,9.0,98800,49400,0,2.0,2.0,276.0,142.0,0.01,0.01,2.0,,,,2024-10-08 15:46:00,2025-11-20 22:25:00
category_summary,"Celengan, Nampan / Tray, Other, Sapu / Pembersih Lantai",4.0,,,1.0,1.0,0.0,0.00,7.0,98700,98700,0,1.0,1.0,277.0,227.0,0.01,0.00,2.0,,,,2024-05-29 09:12:00,2024-05-29 09:12:00
category_summary,"Lunch Box / Rantang, Mangkok Sambal / Saus",2.0,,,2.0,2.0,0.0,0.00,4.0,98354,49177,0,2.0,2.0,278.0,142.0,0.01,0.01,2.0,,,,2024-10-10 14:08:00,2025-08-08 08:22:00
category_summary,"Gayung, Mangkok Sambal / Saus",2.0,,,2.0,2.0,0.0,0.00,8.0,98145,49073,0,2.0,2.0,279.0,142.0,0.01,0.01,2.0,,,,2024-02-25 17:37:00,2024-07-23 13:50:00
category_summary,"Gantungan Baju / Hanger, Mangkok Sambal / Saus",2.0,,,2.0,2.0,0.0,0.00,6.0,96720,48360,0,2.0,2.0,280.0,142.0,0.01,0.01,2.0,,,,2025-01-29 22:27:00,2025-02-02 14:24:00
category_summary,"Mangkok, Mangkok Sambal / Saus, Perlengkapan Packing",3.0,,,2.0,1.0,1.0,50.00,5.0,96500,96500,0,1.0,1.0,281.0,142.0,0.01,0.01,2.0,,,,2024-06-11 08:31:00,2024-06-11 10:16:00
category_summary,"Keranjang, Nampan / Tray, Plastik / Wadah Plastik, Sapu / Pembersih Lantai, Saringan / Strainer",5.0,,,1.0,1.0,0.0,0.00,9.0,96467,96467,0,1.0,1.0,282.0,227.0,0.01,0.00,2.0,,,,2024-07-13 19:30:00,2024-07-13 19:30:00
category_summary,"Mangkok, Other, Peralatan Makan, Tempat Nasi",4.0,,,1.0,1.0,0.0,0.00,4.0,96445,96445,0,1.0,1.0,283.0,227.0,0.01,0.00,2.0,,,,2023-12-01 05:28:00,2023-12-01 05:28:00
category_summary,"Plastik / Wadah Plastik, Sapu / Pembersih Lantai, Spatula",3.0,,,1.0,1.0,0.0,0.00,3.0,96000,96000,0,1.0,1.0,284.0,227.0,0.01,0.00,2.0,,,,2024-06-11 11:42:00,2024-06-11 11:42:00
category_summary,"Botol / Gelas / Mug, Toples / Sealware",2.0,,,1.0,1.0,0.0,0.00,5.0,95915,95915,0,1.0,1.0,285.0,227.0,0.01,0.00,2.0,,,,2025-03-14 14:47:00,2025-03-14 14:47:00
category_summary,"Mangkok Sambal / Saus, Other, Plastik / Wadah Plastik, Saringan / Strainer",4.0,,,1.0,1.0,0.0,0.00,6.0,95000,95000,0,1.0,1.0,286.0,227.0,0.01,0.00,2.0,,,,2024-02-08 13:53:00,2024-02-08 13:53:00
category_summary,"Baskom / Mangkok Besar, Botol / Gelas / Mug",2.0,,,2.0,2.0,0.0,0.00,4.0,94481,47241,0,2.0,2.0,287.0,142.0,0.01,0.01,2.0,,,,2024-10-03 21:59:00,2025-03-22 15:03:00
category_summary,"Bangku / Kursi Kecil, Nampan / Tray, Pisau / Alat Potong",3.0,,,1.0,1.0,0.0,0.00,3.0,94422,94422,0,1.0,1.0,288.0,227.0,0.01,0.00,2.0,,,,2025-02-04 17:54:00,2025-02-04 17:54:00
category_summary,"Botol / Gelas / Mug, Mangkok Sambal / Saus, Peralatan Makan, Tempat Nasi",4.0,,,1.0,1.0,0.0,0.00,8.0,94368,94368,0,1.0,1.0,289.0,227.0,0.01,0.00,2.0,,,,2025-11-21 04:34:00,2025-11-21 04:34:00
category_summary,"Botol / Gelas / Mug, Mangkok Sambal / Saus, Saringan / Strainer",3.0,,,1.0,1.0,0.0,0.00,10.0,94064,94064,0,1.0,1.0,290.0,227.0,0.01,0.00,2.0,,,,2024-08-06 15:33:00,2024-08-06 15:33:00
category_summary,"Cobek / Ulekan, Sapu / Pembersih Lantai",2.0,,,1.0,1.0,0.0,0.00,2.0,93920,93920,0,1.0,1.0,291.0,227.0,0.01,0.00,2.0,,,,2024-12-01 00:00:00,2024-12-01 00:00:00
category_summary,"Baskom / Mangkok Besar, Celengan, Cobek / Ulekan, Keranjang, Other, Perlengkapan Packing, Sikat / Pembersih",7.0,,,1.0,1.0,0.0,0.00,8.0,93533,93533,0,1.0,1.0,292.0,227.0,0.01,0.00,2.0,,,,2024-10-03 21:16:00,2024-10-03 21:16:00
category_summary,"Bangku / Kursi Kecil, Gantungan Baju / Hanger",2.0,,,1.0,1.0,0.0,0.00,2.0,93395,93395,0,1.0,1.0,293.0,227.0,0.01,0.00,2.0,,,,2024-08-05 10:09:00,2024-08-05 10:09:00
category_summary,"Botol / Gelas / Mug, Celengan, Nampan / Tray, Tempat Nasi",4.0,,,1.0,1.0,0.0,0.00,7.0,93386,93386,0,1.0,1.0,294.0,227.0,0.01,0.00,2.0,,,,2025-09-23 09:42:00,2025-09-23 09:42:00
category_summary,"Celengan, Other, Perlengkapan Packing",3.0,,,2.0,2.0,0.0,0.00,7.0,93326,46663,0,2.0,2.0,295.0,142.0,0.01,0.01,2.0,,,,2024-08-19 13:06:00,2025-02-08 00:51:00
category_summary,"Lunch Box / Rantang, Mangkok Sambal / Saus, Peralatan Makan",3.0,,,1.0,1.0,0.0,0.00,7.0,93000,93000,0,1.0,1.0,296.0,227.0,0.01,0.00,2.0,,,,2025-10-04 17:32:00,2025-10-04 17:32:00
category_summary,"Other, Peralatan Makan, Perlengkapan Packing, Pisau / Alat Potong, Spatula, Talenan",6.0,,,1.0,1.0,0.0,0.00,10.0,92936,92936,0,1.0,1.0,297.0,227.0,0.01,0.00,2.0,,,,2025-03-17 21:10:00,2025-03-17 21:10:00
category_summary,"Aksesoris Mandi, Celengan, Keranjang",3.0,,,1.0,1.0,0.0,0.00,6.0,92800,92800,0,1.0,1.0,298.0,227.0,0.01,0.00,2.0,,,,2024-04-01 08:27:00,2024-04-01 08:27:00
category_summary,"Keranjang, Mangkok Sambal / Saus, Peralatan Makan, Plastik / Wadah Plastik",4.0,,,1.0,1.0,0.0,0.00,7.0,92541,92541,0,1.0,1.0,299.0,227.0,0.01,0.00,2.0,,,,2024-07-22 16:35:00,2024-07-22 16:35:00
category_summary,"Botol / Gelas / Mug, Mangkok Sambal / Saus, Other, Spatula",4.0,,,2.0,1.0,1.0,50.00,6.0,91886,91886,0,1.0,1.0,300.0,142.0,0.01,0.01,2.0,,,,2024-02-10 03:53:00,2024-02-10 03:54:00
category_summary,"Mangkok Sambal / Saus, Plastik / Wadah Plastik",2.0,,,2.0,2.0,0.0,0.00,6.0,91797,45899,0,2.0,2.0,301.0,142.0,0.01,0.01,2.0,,,,2024-03-26 20:04:00,2025-11-14 15:24:00
category_summary,"Mangkok Sambal / Saus, Peralatan Makan, Perkakas",3.0,,,1.0,1.0,0.0,0.00,6.0,91480,91480,0,1.0,1.0,302.0,227.0,0.01,0.00,2.0,,,,2024-08-01 01:06:00,2024-08-01 01:06:00
category_summary,"Aksesoris Pintu, Gantungan Baju / Hanger, Other",3.0,,,1.0,1.0,0.0,0.00,7.0,91395,91395,0,1.0,1.0,303.0,227.0,0.01,0.00,2.0,,,,2024-09-04 18:43:00,2024-09-04 18:43:00
category_summary,"Aksesoris Pintu, Bangku / Kursi Kecil",2.0,,,4.0,4.0,0.0,0.00,9.0,91280,22820,0,4.0,4.0,304.0,99.0,0.01,0.02,2.0,,,,2024-12-01 00:00:00,2025-06-02 12:18:00
category_summary,"Mangkok Sambal / Saus, Nampan / Tray, Saringan / Strainer",3.0,,,1.0,1.0,0.0,0.00,4.0,91270,91270,0,1.0,1.0,305.0,227.0,0.01,0.00,2.0,,,,2024-09-06 16:07:00,2024-09-06 16:07:00
category_summary,"Gantungan Baju / Hanger, Mangkok Sambal / Saus, Nampan / Tray, Perlengkapan Packing",4.0,,,1.0,1.0,0.0,0.00,8.0,90901,90901,0,1.0,1.0,306.0,227.0,0.01,0.00,2.0,,,,2025-10-06 14:43:00,2025-10-06 14:43:00
category_summary,"Gantungan Baju / Hanger, Nampan / Tray",2.0,,,1.0,1.0,0.0,0.00,2.0,90883,90883,0,1.0,1.0,307.0,227.0,0.01,0.00,2.0,,,,2024-09-18 10:58:00,2024-09-18 10:58:00
category_summary,"Botol / Gelas / Mug, Tempat Nasi",2.0,,,1.0,1.0,0.0,0.00,13.0,90824,90824,0,1.0,1.0,308.0,227.0,0.01,0.00,2.0,,,,2023-12-21 22:34:00,2023-12-21 22:34:00
category_summary,"Gantungan Baju / Hanger, Mangkok Sambal / Saus, Saringan / Strainer",3.0,,,2.0,2.0,0.0,0.00,6.0,90800,45400,0,2.0,2.0,309.0,142.0,0.01,0.01,2.0,,,,2024-07-30 16:18:00,2024-11-16 16:22:00
category_summary,"Botol / Gelas / Mug, Mangkok Sambal / Saus, Plastik / Wadah Plastik",3.0,,,2.0,2.0,0.0,0.00,11.0,90363,45182,0,2.0,2.0,310.0,142.0,0.01,0.01,2.0,,,,2024-05-03 15:04:00,2025-11-02 23:13:00
category_summary,"Cobek / Ulekan, Keranjang, Mangkok",3.0,,,1.0,1.0,0.0,0.00,3.0,89990,89990,0,1.0,1.0,311.0,227.0,0.01,0.00,2.0,,,,2024-12-01 00:00:00,2024-12-01 00:00:00
category_summary,"Baskom / Mangkok Besar, Gantungan Baju / Hanger, Other, Saringan / Strainer",4.0,,,1.0,1.0,0.0,0.00,5.0,89686,89686,0,1.0,1.0,312.0,227.0,0.01,0.00,2.0,,,,2024-10-01 13:48:00,2024-10-01 13:48:00
category_summary,"Keranjang, Nampan / Tray, Peralatan Makan",3.0,,,1.0,1.0,0.0,0.00,12.0,89477,89477,0,1.0,1.0,313.0,227.0,0.01,0.00,2.0,,,,2024-03-29 13:56:00,2024-03-29 13:56:00
category_summary,"Botol / Gelas / Mug, Lunch Box / Rantang, Mangkok Sambal / Saus",3.0,,,1.0,1.0,0.0,0.00,6.0,89400,89400,0,1.0,1.0,314.0,227.0,0.01,0.00,2.0,,,,2025-01-21 14:48:00,2025-01-21 14:48:00
category_summary,"Botol / Gelas / Mug, Keranjang, Mangkok Sambal / Saus",3.0,,,2.0,2.0,0.0,0.00,11.0,88340,44170,0,2.0,2.0,315.0,142.0,0.01,0.01,2.0,,,,2024-12-01 00:00:00,2025-04-14 01:22:00
category_summary,"Aksesoris Pintu, Celengan, Mangkok, Other, Saringan / Strainer",5.0,,,1.0,1.0,0.0,0.00,8.0,86639,86639,0,1.0,1.0,316.0,227.0,0.01,0.00,2.0,,,,2025-08-29 12:31:00,2025-08-29 12:31:00
category_summary,"Cobek / Ulekan, Other, Peralatan Makan, Talenan, Toples / Sealware",5.0,,,1.0,1.0,0.0,0.00,7.0,86500,86500,0,1.0,1.0,317.0,227.0,0.01,0.00,2.0,,,,2024-03-03 18:46:00,2024-03-03 18:46:00
category_summary,"Keranjang, Peralatan Makan",2.0,,,4.0,3.0,1.0,25.00,8.0,86494,28831,0,4.0,3.0,318.0,99.0,0.01,0.02,2.0,,,,2023-12-12 10:52:00,2025-03-22 10:27:00
category_summary,"Other, Toples / Sealware",2.0,,,2.0,2.0,0.0,0.00,6.0,86200,43100,0,2.0,2.0,319.0,142.0,0.01,0.01,2.0,,,,2024-07-05 23:37:00,2025-03-17 14:10:00
category_summary,"Gayung, Nampan / Tray",2.0,,,2.0,2.0,0.0,0.00,7.0,85540,42770,0,2.0,2.0,320.0,142.0,0.01,0.01,2.0,,,,2025-01-06 17:22:00,2025-01-26 18:37:00
category_summary,"Cobek / Ulekan, Nampan / Tray",2.0,,,1.0,1.0,0.0,0.00,2.0,85485,85485,0,1.0,1.0,321.0,227.0,0.01,0.00,2.0,,,,2025-06-06 21:02:00,2025-06-06 21:02:00
category_summary,"Botol / Gelas / Mug, Celengan, Other, Peralatan Makan",4.0,,,1.0,1.0,0.0,0.00,4.0,84363,84363,0,1.0,1.0,322.0,227.0,0.01,0.00,2.0,,,,2024-03-31 06:23:00,2024-03-31 06:23:00
category_summary,"Botol / Gelas / Mug, Celengan, Mangkok Sambal / Saus, Rak / Rak Serbaguna",4.0,,,1.0,1.0,0.0,0.00,7.0,84056,84056,0,1.0,1.0,323.0,227.0,0.01,0.00,2.0,,,,2024-08-21 08:58:00,2024-08-21 08:58:00
category_summary,"Baskom / Mangkok Besar, Mangkok Sambal / Saus, Saringan / Strainer, Teko / Jug",4.0,,,1.0,1.0,0.0,0.00,5.0,83987,83987,0,1.0,1.0,324.0,227.0,0.01,0.00,2.0,,,,2024-10-08 12:20:00,2024-10-08 12:20:00
category_summary,"Celengan, Gantungan Baju / Hanger, Saringan / Strainer",3.0,,,1.0,1.0,0.0,0.00,4.0,83984,83984,0,1.0,1.0,325.0,227.0,0.01,0.00,2.0,,,,2024-05-12 08:49:00,2024-05-12 08:49:00
category_summary,"Mangkok Sambal / Saus, Sapu / Pembersih Lantai",2.0,,,4.0,2.0,2.0,50.00,5.0,83904,41952,0,4.0,2.0,326.0,99.0,0.01,0.02,2.0,,,,2024-05-13 05:45:00,2025-10-30 20:52:00
category_summary,"Aksesoris Mandi, Botol / Gelas / Mug, Gantungan Baju / Hanger, Keranjang, Other, Peralatan Kamar Mandi, Pisau / Alat Potong, Sapu / Pembersih Lantai, Teko / Jug",9.0,,,1.0,1.0,0.0,0.00,11.0,83831,83831,0,1.0,1.0,327.0,227.0,0.01,0.00,2.0,,,,2024-09-25 11:21:00,2024-09-25 11:21:00
category_summary,"Baskom / Mangkok Besar, Perlengkapan Packing, Tempat Nasi",3.0,,,1.0,1.0,0.0,0.00,4.0,83680,83680,0,1.0,1.0,328.0,227.0,0.01,0.00,2.0,,,,2024-09-24 13:02:00,2024-09-24 13:02:00
category_summary,"Baskom / Mangkok Besar, Perlengkapan Packing, Piring",3.0,,,1.0,1.0,0.0,0.00,5.0,83680,83680,0,1.0,1.0,328.0,227.0,0.01,0.00,2.0,,,,2024-11-08 11:28:00,2024-11-08 11:28:00
category_summary,"Perlengkapan Packing, Plastik / Wadah Plastik, Sapu / Pembersih Lantai, Sikat / Pembersih",4.0,,,1.0,1.0,0.0,0.00,8.0,83500,83500,0,1.0,1.0,330.0,227.0,0.01,0.00,2.0,,,,2024-09-21 16:01:00,2024-09-21 16:01:00
category_summary,"Celengan, Other, Plastik / Wadah Plastik",3.0,,,2.0,2.0,0.0,0.00,7.0,83299,41650,0,2.0,2.0,331.0,142.0,0.01,0.01,2.0,,,,2024-12-01 00:00:00,2025-04-20 09:10:00
category_summary,"Baskom / Mangkok Besar, Peralatan Makan",2.0,,,2.0,2.0,0.0,0.00,5.0,83200,41600,0,2.0,2.0,332.0,142.0,0.01,0.01,2.0,,,,2024-06-08 22:43:00,2024-09-09 15:34:00
category_summary,"Baskom / Mangkok Besar, Keranjang, Plastik / Wadah Plastik",3.0,,,1.0,1.0,0.0,0.00,4.0,83000,83000,0,1.0,1.0,333.0,227.0,0.01,0.00,2.0,,,,2024-09-30 12:13:00,2024-09-30 12:13:00
category_summary,"Rak / Rak Serbaguna, Talenan",2.0,,,1.0,1.0,0.0,0.00,2.0,82952,82952,0,1.0,1.0,334.0,227.0,0.01,0.00,2.0,,,,2024-11-09 08:20:00,2024-11-09 08:20:00
category_summary,"Baskom / Mangkok Besar, Mangkok Sambal / Saus, Nampan / Tray, Other",4.0,,,1.0,1.0,0.0,0.00,10.0,82715,82715,0,1.0,1.0,335.0,227.0,0.01,0.00,2.0,,,,2025-01-16 11:01:00,2025-01-16 11:01:00
category_summary,"Botol / Gelas / Mug, Celengan, Other, Peralatan Makan, Perlengkapan Packing, Spatula",6.0,,,1.0,1.0,0.0,0.00,8.0,82604,82604,0,1.0,1.0,336.0,227.0,0.01,0.00,2.0,,,,2024-05-05 00:11:00,2024-05-05 00:11:00
category_summary,"Pisau / Alat Potong, Saringan / Strainer",2.0,,,1.0,1.0,0.0,0.00,4.0,81452,81452,0,1.0,1.0,337.0,227.0,0.01,0.00,2.0,,,,2024-09-26 20:19:00,2024-09-26 20:19:00
category_summary,"Celengan, Keranjang, Perlengkapan Packing",3.0,,,4.0,2.0,2.0,50.00,7.0,81400,40700,0,2.0,2.0,338.0,99.0,0.01,0.02,2.0,,,,2025-01-06 20:08:00,2025-10-13 23:58:00
category_summary,"Gayung, Piring",2.0,,,1.0,1.0,0.0,0.00,9.0,81080,81080,0,1.0,1.0,339.0,227.0,0.01,0.00,2.0,,,,2024-10-22 01:51:00,2024-10-22 01:51:00
category_summary,"Botol / Gelas / Mug, Mangkok Sambal / Saus, Other, Peralatan Makan",4.0,,,1.0,1.0,0.0,0.00,9.0,81000,81000,0,1.0,1.0,340.0,227.0,0.01,0.00,2.0,,,,2025-09-03 22:41:00,2025-09-03 22:41:00
category_summary,"Celengan, Teko / Jug",2.0,,,2.0,1.0,1.0,50.00,4.0,79800,79800,0,1.0,1.0,341.0,142.0,0.01,0.01,3.0,,,,2024-05-31 12:16:00,2024-06-05 14:04:00
category_summary,"Aksesoris Mandi, Gantungan Baju / Hanger, Keranjang",3.0,,,1.0,1.0,0.0,0.00,5.0,79695,79695,0,1.0,1.0,342.0,227.0,0.01,0.00,3.0,,,,2024-05-23 09:09:00,2024-05-23 09:09:00
category_summary,"Aksesoris Pintu, Other, Talenan",3.0,,,1.0,1.0,0.0,0.00,7.0,79500,79500,0,1.0,1.0,343.0,227.0,0.01,0.00,3.0,,,,2025-01-21 08:15:00,2025-01-21 08:15:00
category_summary,"Saringan / Strainer, Spatula",2.0,,,2.0,2.0,0.0,0.00,5.0,79370,39685,0,2.0,2.0,344.0,142.0,0.01,0.01,3.0,,,,2024-07-25 06:30:00,2024-08-11 17:39:00
category_summary,"Baskom / Mangkok Besar, Mangkok Sambal / Saus, Piring, Tempat Nasi",4.0,,,1.0,1.0,0.0,0.00,5.0,79275,79275,0,1.0,1.0,345.0,227.0,0.01,0.00,3.0,,,,2024-10-24 13:40:00,2024-10-24 13:40:00
category_summary,"Botol / Gelas / Mug, Mangkok Sambal / Saus, Nampan / Tray, Other, Saringan / Strainer, Spatula",6.0,,,1.0,1.0,0.0,0.00,7.0,78480,78480,0,1.0,1.0,346.0,227.0,0.01,0.00,3.0,,,,2024-10-11 13:21:00,2024-10-11 13:21:00
category_summary,"Botol / Gelas / Mug, Peralatan Makan, Rak / Rak Serbaguna",3.0,,,1.0,1.0,0.0,0.00,6.0,77200,77200,0,1.0,1.0,347.0,227.0,0.01,0.00,3.0,,,,2024-05-14 10:55:00,2024-05-14 10:55:00
category_summary,"Aksesoris Pintu, Toples / Sealware",2.0,,,5.0,4.0,1.0,20.00,11.0,77164,19291,0,5.0,4.0,348.0,90.0,0.01,0.02,3.0,,,,2025-01-14 22:03:00,2025-08-26 17:48:00
category_summary,"Baskom / Mangkok Besar, Botol / Gelas / Mug, Other, Saringan / Strainer",4.0,,,1.0,1.0,0.0,0.00,5.0,76900,76900,0,1.0,1.0,349.0,227.0,0.01,0.00,3.0,,,,2025-02-08 10:44:00,2025-02-08 10:44:00
category_summary,"Aksesoris Pintu, Gayung, Sikat / Pembersih",3.0,,,2.0,2.0,0.0,0.00,8.0,76865,38433,0,2.0,2.0,350.0,142.0,0.01,0.01,3.0,,,,2025-02-09 20:42:00,2025-06-22 10:02:00
category_summary,"Peralatan Makan, Saringan / Strainer, Spatula",3.0,,,2.0,2.0,0.0,0.00,6.0,76141,38071,0,2.0,2.0,351.0,142.0,0.01,0.01,3.0,,,,2024-07-29 07:53:00,2024-07-29 11:22:00
category_summary,"Cobek / Ulekan, Keranjang",2.0,,,1.0,1.0,0.0,0.00,2.0,76000,76000,0,1.0,1.0,352.0,227.0,0.01,0.00,3.0,,,,2025-02-24 11:32:00,2025-02-24 11:32:00
category_summary,"Aksesoris Pintu, Mangkok, Piring, Sikat / Pembersih, Toples / Sealware",5.0,,,1.0,1.0,0.0,0.00,8.0,76000,76000,0,1.0,1.0,352.0,227.0,0.01,0.00,3.0,,,,2024-07-07 16:42:00,2024-07-07 16:42:00
category_summary,"Keranjang, Mangkok Sambal / Saus, Other, Peralatan Makan",4.0,,,1.0,1.0,0.0,0.00,8.0,76000,76000,0,1.0,1.0,352.0,227.0,0.01,0.00,3.0,,,,2025-09-21 07:52:00,2025-09-21 07:52:00
category_summary,"Aksesoris Pintu, Other, Pengolah Bumbu / Sayur",3.0,,,1.0,1.0,0.0,0.00,6.0,75000,75000,0,1.0,1.0,355.0,227.0,0.01,0.00,3.0,,,,2024-12-01 00:00:00,2024-12-01 00:00:00
category_summary,"Botol / Gelas / Mug, Mangkok Sambal / Saus, Other, Piring",4.0,,,1.0,1.0,0.0,0.00,10.0,75000,75000,0,1.0,1.0,355.0,227.0,0.01,0.00,3.0,,,,2025-08-24 00:32:00,2025-08-24 00:32:00
category_summary,"Mangkok Sambal / Saus, Nampan / Tray, Perlengkapan Packing",3.0,,,1.0,1.0,0.0,0.00,5.0,74840,74840,0,1.0,1.0,357.0,227.0,0.01,0.00,3.0,,,,2024-07-12 22:33:00,2024-07-12 22:33:00
category_summary,"Aksesoris Pintu, Pisau / Alat Potong",2.0,,,3.0,3.0,0.0,0.00,8.0,74760,24920,0,3.0,3.0,358.0,121.0,0.01,0.01,3.0,,,,2024-10-24 08:57:00,2025-09-30 06:10:00
category_summary,"Baskom / Mangkok Besar, Gantungan Baju / Hanger, Lunch Box / Rantang, Pisau / Alat Potong, Plastik / Wadah Plastik, Tempat Nasi",6.0,,,1.0,1.0,0.0,0.00,6.0,72656,72656,0,1.0,1.0,359.0,227.0,0.01,0.00,3.0,,,,2024-09-18 07:39:00,2024-09-18 07:39:00
category_summary,"Aksesoris Pintu, Gantungan Baju / Hanger, Gayung, Keranjang, Pisau / Alat Potong",5.0,,,1.0,1.0,0.0,0.00,6.0,71955,71955,0,1.0,1.0,360.0,227.0,0.01,0.00,3.0,,,,2024-11-27 08:10:00,2024-11-27 08:10:00
category_summary,"Botol / Gelas / Mug, Celengan, Nampan / Tray",3.0,,,1.0,1.0,0.0,0.00,6.0,71900,71900,0,1.0,1.0,361.0,227.0,0.01,0.00,3.0,,,,2024-04-17 12:18:00,2024-04-17 12:18:00
category_summary,"Celengan, Sapu / Pembersih Lantai, Sikat / Pembersih",3.0,,,1.0,1.0,0.0,0.00,5.0,71800,71800,0,1.0,1.0,362.0,227.0,0.01,0.00,3.0,,,,2024-08-26 00:04:00,2024-08-26 00:04:00
category_summary,"Baskom / Mangkok Besar, Celengan, Other, Perlengkapan Packing",4.0,,,1.0,1.0,0.0,0.00,6.0,71800,71800,0,1.0,1.0,362.0,227.0,0.01,0.00,3.0,,,,2025-01-28 06:30:00,2025-01-28 06:30:00
category_summary,"Other, Plastik / Wadah Plastik, Teko / Jug",3.0,,,1.0,1.0,0.0,0.00,8.0,71720,71720,0,1.0,1.0,364.0,227.0,0.01,0.00,3.0,,,,2025-01-15 16:40:00,2025-01-15 16:40:00
category_summary,"Perlengkapan Packing, Plastik / Wadah Plastik, Rak / Rak Serbaguna, Sikat / Pembersih",4.0,,,1.0,1.0,0.0,0.00,4.0,71000,71000,0,1.0,1.0,365.0,227.0,0.01,0.00,3.0,,,,2025-03-13 10:44:00,2025-03-13 10:44:00
category_summary,"Botol / Gelas / Mug, Mangkok Sambal / Saus, Perlengkapan Packing",3.0,,,1.0,1.0,0.0,0.00,6.0,71000,71000,0,1.0,1.0,365.0,227.0,0.01,0.00,3.0,,,,2024-11-25 08:33:00,2024-11-25 08:33:00
category_summary,"Aksesoris Pintu, Pisau / Alat Potong, Plastik / Wadah Plastik",3.0,,,2.0,2.0,0.0,0.00,7.0,70657,35329,0,2.0,2.0,367.0,142.0,0.01,0.01,3.0,,,,2024-07-29 00:46:00,2025-09-11 20:48:00
category_summary,"Nampan / Tray, Other, Saringan / Strainer",3.0,,,1.0,1.0,0.0,0.00,5.0,70472,70472,0,1.0,1.0,368.0,227.0,0.01,0.00,3.0,,,,2024-10-09 17:04:00,2024-10-09 17:04:00
category_summary,"Baskom / Mangkok Besar, Nampan / Tray, Piring",3.0,,,1.0,1.0,0.0,0.00,8.0,70346,70346,0,1.0,1.0,369.0,227.0,0.01,0.00,3.0,,,,2024-10-17 15:08:00,2024-10-17 15:08:00
category_summary,"Keranjang, Rak / Rak Serbaguna, Sapu / Pembersih Lantai",3.0,,,1.0,1.0,0.0,0.00,4.0,70122,70122,0,1.0,1.0,370.0,227.0,0.01,0.00,3.0,,,,2024-10-17 13:23:00,2024-10-17 13:23:00
category_summary,"Botol / Gelas / Mug, Mangkok Sambal / Saus, Other, Plastik / Wadah Plastik",4.0,,,2.0,1.0,1.0,50.00,8.0,69820,69820,0,1.0,1.0,371.0,142.0,0.01,0.01,3.0,,,,2023-12-12 07:00:00,2023-12-29 22:16:00
category_summary,"Lunch Box / Rantang, Other, Peralatan Kamar Mandi, Sikat / Pembersih",4.0,,,1.0,1.0,0.0,0.00,4.0,69640,69640,0,1.0,1.0,372.0,227.0,0.01,0.00,3.0,,,,2024-09-19 09:17:00,2024-09-19 09:17:00
category_summary,"Botol / Gelas / Mug, Keranjang",2.0,,,3.0,3.0,0.0,0.00,9.0,68920,22973,0,3.0,3.0,373.0,121.0,0.01,0.01,3.0,,,,2023-12-06 05:16:00,2025-04-21 22:21:00
category_summary,"Aksesoris Mandi, Celengan, Mangkok Sambal / Saus, Other",4.0,,,1.0,1.0,0.0,0.00,5.0,68900,68900,0,1.0,1.0,374.0,227.0,0.01,0.00,3.0,,,,2024-02-03 00:06:00,2024-02-03 00:06:00
category_summary,"Botol / Gelas / Mug, Celengan, Perlengkapan Packing, Sapu / Pembersih Lantai",4.0,,,1.0,1.0,0.0,0.00,5.0,68800,68800,0,1.0,1.0,375.0,227.0,0.01,0.00,3.0,,,,2024-05-13 07:53:00,2024-05-13 07:53:00
category_summary,"Pengolah Bumbu / Sayur, Perlengkapan Packing",2.0,,,1.0,1.0,0.0,0.00,2.0,68231,68231,0,1.0,1.0,376.0,227.0,0.01,0.00,3.0,,,,2025-01-21 17:39:00,2025-01-21 17:39:00
category_summary,"Aksesoris ID Card, Other, Sapu / Pembersih Lantai, Teko / Jug",4.0,,,1.0,1.0,0.0,0.00,4.0,68200,68200,0,1.0,1.0,377.0,227.0,0.01,0.00,3.0,,,,2025-01-23 10:18:00,2025-01-23 10:18:00
category_summary,"Celengan, Other, Sapu / Pembersih Lantai",3.0,,,1.0,1.0,0.0,0.00,4.0,68014,68014,0,1.0,1.0,378.0,227.0,0.01,0.00,3.0,,,,2024-05-21 10:19:00,2024-05-21 10:19:00
category_summary,"Aksesoris Mandi, Peralatan Kamar Mandi, Toples / Sealware",3.0,,,2.0,2.0,0.0,0.00,8.0,67620,33810,0,2.0,2.0,379.0,142.0,0.01,0.01,3.0,,,,2024-09-04 20:24:00,2025-08-01 11:47:00
category_summary,"Perlengkapan Packing, Plastik / Wadah Plastik",2.0,,,2.0,2.0,0.0,0.00,4.0,67590,33795,0,2.0,2.0,380.0,142.0,0.01,0.01,3.0,,,,2024-08-25 09:41:00,2025-06-01 10:08:00
category_summary,"Rak / Rak Serbaguna, Spatula",2.0,,,1.0,1.0,0.0,0.00,2.0,67155,67155,0,1.0,1.0,381.0,227.0,0.01,0.00,3.0,,,,2024-06-09 10:35:00,2024-06-09 10:35:00
category_summary,"Aksesoris Pintu, Mangkok Sambal / Saus, Nampan / Tray, Other",4.0,,,1.0,1.0,0.0,0.00,8.0,67000,67000,0,1.0,1.0,382.0,227.0,0.01,0.00,3.0,,,,2025-09-04 10:49:00,2025-09-04 10:49:00
category_summary,"Rak / Rak Serbaguna, Sikat / Pembersih",2.0,,,1.0,1.0,0.0,0.00,2.0,66800,66800,0,1.0,1.0,383.0,227.0,0.01,0.00,3.0,,,,2025-08-13 16:35:00,2025-08-13 16:35:00
category_summary,"Botol / Gelas / Mug, Mangkok Sambal / Saus, Sapu / Pembersih Lantai",3.0,,,1.0,1.0,0.0,0.00,6.0,66688,66688,0,1.0,1.0,384.0,227.0,0.01,0.00,3.0,,,,2024-09-05 07:38:00,2024-09-05 07:38:00
category_summary,"Keranjang, Teko / Jug",2.0,,,2.0,1.0,1.0,50.00,4.0,66435,66435,0,2.0,1.0,385.0,142.0,0.01,0.01,3.0,,,,2024-08-01 08:18:00,2025-11-08 14:59:00
category_summary,"Other, Sikat / Pembersih",2.0,,,3.0,2.0,1.0,33.33,6.0,66320,33160,0,3.0,2.0,386.0,121.0,0.01,0.01,3.0,,,,2024-11-04 17:44:00,2025-02-26 19:48:00
category_summary,"Botol / Gelas / Mug, Nampan / Tray, Toples / Sealware",3.0,,,1.0,1.0,0.0,0.00,5.0,65925,65925,0,1.0,1.0,387.0,227.0,0.01,0.00,3.0,,,,2025-03-14 14:04:00,2025-03-14 14:04:00
category_summary,"Botol / Gelas / Mug, Mangkok Sambal / Saus, Other, Plastik / Wadah Plastik, Sapu / Pembersih Lantai",5.0,,,1.0,1.0,0.0,0.00,9.0,65500,65500,0,1.0,1.0,388.0,227.0,0.01,0.00,3.0,,,,2025-10-19 08:56:00,2025-10-19 08:56:00
category_summary,"Keranjang, Peralatan Makan, Plastik / Wadah Plastik, Sapu / Pembersih Lantai",4.0,,,1.0,1.0,0.0,0.00,8.0,65500,65500,0,1.0,1.0,388.0,227.0,0.01,0.00,3.0,,,,2025-07-01 00:00:00,2025-07-01 00:00:00
category_summary,"Aksesoris ID Card, Aksesoris Pintu, Botol / Gelas / Mug, Peralatan Makan, Sapu / Pembersih Lantai",5.0,,,1.0,1.0,0.0,0.00,9.0,65000,65000,0,1.0,1.0,390.0,227.0,0.01,0.00,3.0,,,,2025-01-05 12:52:00,2025-01-05 12:52:00
category_summary,"Gantungan Baju / Hanger, Keranjang",2.0,,,1.0,1.0,0.0,0.00,3.0,64686,64686,0,1.0,1.0,391.0,227.0,0.01,0.00,3.0,,,,2024-08-30 22:56:00,2024-08-30 22:56:00
category_summary,"Perlengkapan Packing, Pisau / Alat Potong",2.0,,,1.0,1.0,0.0,0.00,2.0,64375,64375,0,1.0,1.0,392.0,227.0,0.01,0.00,3.0,,,,2025-05-10 20:22:00,2025-05-10 20:22:00
category_summary,"Aksesoris Pintu, Keranjang, Sapu / Pembersih Lantai, Saringan / Strainer",4.0,,,1.0,1.0,0.0,0.00,6.0,64000,64000,0,1.0,1.0,393.0,227.0,0.01,0.00,3.0,,,,2024-09-22 09:43:00,2024-09-22 09:43:00
category_summary,"Mangkok Sambal / Saus, Other, Perlengkapan Packing",3.0,,,1.0,1.0,0.0,0.00,4.0,63500,63500,0,1.0,1.0,394.0,227.0,0.01,0.00,3.0,,,,2024-08-18 11:44:00,2024-08-18 11:44:00
category_summary,"Baskom / Mangkok Besar, Celengan, Other, Sikat / Pembersih",4.0,,,1.0,1.0,0.0,0.00,5.0,63400,63400,0,1.0,1.0,395.0,227.0,0.01,0.00,3.0,,,,2025-01-07 08:00:00,2025-01-07 08:00:00
category_summary,"Nampan / Tray, Piring, Plastik / Wadah Plastik",3.0,,,2.0,1.0,1.0,50.00,6.0,63000,63000,0,1.0,1.0,396.0,142.0,0.01,0.01,3.0,,,,2025-07-01 00:00:00,2025-07-01 00:00:00
category_summary,"Botol / Gelas / Mug, Nampan / Tray, Saringan / Strainer",3.0,,,1.0,1.0,0.0,0.00,8.0,63000,63000,0,1.0,1.0,396.0,227.0,0.01,0.00,3.0,,,,2023-12-21 14:13:00,2023-12-21 14:13:00
category_summary,"Celengan, Nampan / Tray, Spatula",3.0,,,1.0,1.0,0.0,0.00,4.0,62700,62700,0,1.0,1.0,398.0,227.0,0.01,0.00,3.0,,,,2024-07-08 15:28:00,2024-07-08 15:28:00
category_summary,"Saringan / Strainer, Tempat Nasi",2.0,,,2.0,1.0,1.0,50.00,2.0,62105,62105,0,1.0,1.0,399.0,142.0,0.01,0.01,3.0,,,,2024-07-12 03:14:00,2024-07-15 09:27:00
category_summary,"Lunch Box / Rantang, Toples / Sealware",2.0,,,1.0,1.0,0.0,0.00,5.0,61912,61912,0,1.0,1.0,400.0,227.0,0.01,0.00,3.0,,,,2024-08-14 07:48:00,2024-08-14 07:48:00
category_summary,"Other, Pisau / Alat Potong, Saringan / Strainer",3.0,,,1.0,1.0,0.0,0.00,5.0,61600,61600,0,1.0,1.0,401.0,227.0,0.01,0.00,3.0,,,,2024-12-01 00:00:00,2024-12-01 00:00:00
category_summary,"Mangkok, Mangkok Sambal / Saus, Piring",3.0,,,1.0,1.0,0.0,0.00,3.0,61528,61528,0,1.0,1.0,402.0,227.0,0.01,0.00,3.0,,,,2025-05-05 08:09:00,2025-05-05 08:09:00
category_summary,"Bangku / Kursi Kecil, Celengan, Perlengkapan Packing",3.0,,,1.0,1.0,0.0,0.00,4.0,61398,61398,0,1.0,1.0,403.0,227.0,0.01,0.00,3.0,,,,2025-01-31 15:46:00,2025-01-31 15:46:00
category_summary,"Celengan, Nampan / Tray",2.0,,,1.0,1.0,0.0,0.00,3.0,61398,61398,0,1.0,1.0,403.0,227.0,0.01,0.00,3.0,,,,2024-01-17 22:37:00,2024-01-17 22:37:00
category_summary,"Other, Pisau / Alat Potong, Teko / Jug",3.0,,,1.0,1.0,0.0,0.00,3.0,60900,60900,0,1.0,1.0,405.0,227.0,0.01,0.00,3.0,,,,2025-03-03 20:32:00,2025-03-03 20:32:00
category_summary,"Celengan, Nampan / Tray, Other, Peralatan Makan, Sapu / Pembersih Lantai, Saringan / Strainer",6.0,,,1.0,1.0,0.0,0.00,6.0,60806,60806,0,1.0,1.0,406.0,227.0,0.01,0.00,3.0,,,,2024-09-06 16:36:00,2024-09-06 16:36:00
category_summary,"Mangkok Sambal / Saus, Other, Peralatan Makan, Pisau / Alat Potong",4.0,,,1.0,1.0,0.0,0.00,8.0,60696,60696,0,1.0,1.0,407.0,227.0,0.01,0.00,3.0,,,,2024-09-20 21:50:00,2024-09-20 21:50:00
category_summary,"Gantungan Baju / Hanger, Keranjang, Mangkok Sambal / Saus, Saringan / Strainer, Talenan",5.0,,,1.0,1.0,0.0,0.00,5.0,60500,60500,0,1.0,1.0,408.0,227.0,0.01,0.00,3.0,,,,2024-12-01 00:00:00,2024-12-01 00:00:00
category_summary,"Mangkok Sambal / Saus, Peralatan Makan, Saringan / Strainer",3.0,,,1.0,1.0,0.0,0.00,5.0,60000,60000,0,1.0,1.0,409.0,227.0,0.01,0.00,3.0,,,,2024-01-31 19:31:00,2024-01-31 19:31:00
category_summary,"Gantungan Baju / Hanger, Mangkok Sambal / Saus, Saringan / Strainer, Spatula",4.0,,,1.0,1.0,0.0,0.00,4.0,59801,59801,0,1.0,1.0,410.0,227.0,0.01,0.00,3.0,,,,2024-06-27 12:56:00,2024-06-27 12:56:00
category_summary,Pot Tanaman / Bunga,1.0,,,4.0,2.0,2.0,50.00,2.0,59178,29589,0,3.0,2.0,411.0,99.0,0.01,0.02,3.0,,,,2024-12-01 00:00:00,2025-07-01 00:00:00
category_summary,"Aksesoris Mandi, Celengan, Spatula, Toples / Sealware",4.0,,,1.0,1.0,0.0,0.00,4.0,58700,58700,0,1.0,1.0,412.0,227.0,0.01,0.00,3.0,,,,2024-01-17 13:18:00,2024-01-17 13:18:00
category_summary,"Piring, Stempel / Alat Kantor",2.0,,,1.0,1.0,0.0,0.00,2.0,58000,58000,0,1.0,1.0,413.0,227.0,0.01,0.00,3.0,,,,2025-09-10 13:17:00,2025-09-10 13:17:00
category_summary,"Other, Peralatan Kamar Mandi, Sikat / Pembersih",3.0,,,1.0,1.0,0.0,0.00,6.0,57841,57841,0,1.0,1.0,414.0,227.0,0.01,0.00,3.0,,,,2025-08-28 08:41:00,2025-08-28 08:41:00
category_summary,"Aksesoris Mandi, Celengan, Toples / Sealware",3.0,,,1.0,1.0,0.0,0.00,6.0,57365,57365,0,1.0,1.0,415.0,227.0,0.01,0.00,3.0,,,,2025-01-05 11:25:00,2025-01-05 11:25:00
category_summary,"Aksesoris Pintu, Pengolah Bumbu / Sayur",2.0,,,2.0,2.0,0.0,0.00,4.0,57333,28667,0,2.0,2.0,416.0,142.0,0.01,0.01,3.0,,,,2024-10-16 08:16:00,2024-11-24 09:07:00
category_summary,"Gantungan Baju / Hanger, Nampan / Tray, Saringan / Strainer, Sikat / Pembersih",4.0,,,1.0,1.0,0.0,0.00,4.0,57160,57160,0,1.0,1.0,417.0,227.0,0.01,0.00,3.0,,,,2024-10-04 13:49:00,2024-10-04 13:49:00
category_summary,"Baskom / Mangkok Besar, Peralatan Makan, Toples / Sealware",3.0,,,1.0,1.0,0.0,0.00,4.0,57081,57081,0,1.0,1.0,418.0,227.0,0.01,0.00,3.0,,,,2025-03-07 13:31:00,2025-03-07 13:31:00
category_summary,"Botol / Gelas / Mug, Other, Pisau / Alat Potong",3.0,,,1.0,1.0,0.0,0.00,7.0,57000,57000,0,1.0,1.0,419.0,227.0,0.01,0.00,3.0,,,,2024-07-20 18:52:00,2024-07-20 18:52:00
category_summary,"Peralatan Makan, Piring",2.0,,,1.0,1.0,0.0,0.00,3.0,56695,56695,0,1.0,1.0,420.0,227.0,0.01,0.00,3.0,,,,2025-08-28 08:24:00,2025-08-28 08:24:00
category_summary,"Celengan, Lunch Box / Rantang",2.0,,,3.0,2.0,1.0,33.33,4.0,56378,28189,0,3.0,2.0,421.0,121.0,0.01,0.01,3.0,,,,2024-07-22 14:45:00,2025-08-05 11:13:00
category_summary,"Aksesoris Pintu, Botol / Gelas / Mug, Saringan / Strainer",3.0,,,1.0,1.0,0.0,0.00,6.0,56000,56000,0,1.0,1.0,422.0,227.0,0.01,0.00,3.0,,,,2025-11-11 07:48:00,2025-11-11 07:48:00
category_summary,"Botol / Gelas / Mug, Lunch Box / Rantang",2.0,,,2.0,2.0,0.0,0.00,6.0,55891,27946,0,2.0,2.0,423.0,142.0,0.01,0.01,3.0,,,,2024-08-23 16:15:00,2025-05-30 19:07:00
category_summary,"Celengan, Other, Perlengkapan Packing, Plastik / Wadah Plastik",4.0,,,1.0,1.0,0.0,0.00,4.0,55475,55475,0,1.0,1.0,424.0,227.0,0.01,0.00,3.0,,,,2024-08-24 15:18:00,2024-08-24 15:18:00
category_summary,"Aksesoris Pintu, Botol / Gelas / Mug, Rak / Rak Serbaguna",3.0,,,1.0,1.0,0.0,0.00,4.0,55080,55080,0,1.0,1.0,425.0,227.0,0.01,0.00,3.0,,,,2024-10-30 08:02:00,2024-10-30 08:02:00
category_summary,"Aksesoris Pintu, Baskom / Mangkok Besar, Keranjang, Other, Talenan",5.0,,,1.0,1.0,0.0,0.00,5.0,54900,54900,0,1.0,1.0,426.0,227.0,0.01,0.00,3.0,,,,2024-12-01 00:00:00,2024-12-01 00:00:00
category_summary,"Gantungan Baju / Hanger, Sapu / Pembersih Lantai, Sikat / Pembersih",3.0,,,1.0,1.0,0.0,0.00,5.0,54900,54900,0,1.0,1.0,426.0,227.0,0.01,0.00,3.0,,,,2025-07-01 00:00:00,2025-07-01 00:00:00
category_summary,"Aksesoris Pintu, Gantungan Baju / Hanger, Keranjang",3.0,,,1.0,1.0,0.0,0.00,3.0,54631,54631,0,1.0,1.0,428.0,227.0,0.01,0.00,3.0,,,,2025-01-17 14:26:00,2025-01-17 14:26:00
category_summary,"Aksesoris Pintu, Saringan / Strainer, Talenan",3.0,,,1.0,1.0,0.0,0.00,6.0,54269,54269,0,1.0,1.0,429.0,227.0,0.01,0.00,3.0,,,,2025-01-25 01:54:00,2025-01-25 01:54:00
category_summary,"Aksesoris Pintu, Other, Sikat / Pembersih",3.0,,,2.0,2.0,0.0,0.00,9.0,54255,27128,0,2.0,2.0,430.0,142.0,0.01,0.01,3.0,,,,2024-12-01 00:00:00,2024-12-01 00:00:00
category_summary,"Botol / Gelas / Mug, Peralatan Makan, Pisau / Alat Potong, Talenan",4.0,,,1.0,1.0,0.0,0.00,6.0,54210,54210,0,1.0,1.0,431.0,227.0,0.01,0.00,3.0,,,,2025-02-02 12:50:00,2025-02-02 12:50:00
category_summary,"Bangku / Kursi Kecil, Lunch Box / Rantang",2.0,,,2.0,2.0,0.0,0.00,4.0,54175,27088,0,2.0,2.0,432.0,142.0,0.01,0.01,3.0,,,,2025-09-06 16:53:00,2025-10-19 11:02:00
category_summary,"Keranjang, Peralatan Kamar Mandi, Perlengkapan Packing, Sikat / Pembersih, Toples / Sealware",5.0,,,1.0,1.0,0.0,0.00,6.0,54000,54000,0,1.0,1.0,433.0,227.0,0.01,0.00,3.0,,,,2025-06-06 14:33:00,2025-06-06 14:33:00
category_summary,"Baskom / Mangkok Besar, Nampan / Tray, Spatula",3.0,,,2.0,1.0,1.0,50.00,5.0,54000,54000,0,1.0,1.0,433.0,142.0,0.01,0.01,3.0,,,,2025-03-17 14:26:00,2025-03-17 14:53:00
category_summary,"Botol / Gelas / Mug, Nampan / Tray, Peralatan Makan",3.0,,,1.0,1.0,0.0,0.00,5.0,54000,54000,0,1.0,1.0,433.0,227.0,0.01,0.00,3.0,,,,2025-07-01 00:00:00,2025-07-01 00:00:00
category_summary,"Aksesoris Pintu, Botol / Gelas / Mug, Other, Pisau / Alat Potong, Saringan / Strainer",5.0,,,1.0,1.0,0.0,0.00,5.0,54000,54000,0,1.0,1.0,433.0,227.0,0.01,0.00,3.0,,,,2024-11-05 10:36:00,2024-11-05 10:36:00
category_summary,"Aksesoris Mandi, Keranjang, Peralatan Kamar Mandi, Perlengkapan Packing",4.0,,,1.0,1.0,0.0,0.00,6.0,53900,53900,0,1.0,1.0,437.0,227.0,0.01,0.00,3.0,,,,2024-03-15 08:58:00,2024-03-15 08:58:00
category_summary,"Baskom / Mangkok Besar, Mangkok Sambal / Saus, Peralatan Makan",3.0,,,1.0,1.0,0.0,0.00,4.0,53000,53000,0,1.0,1.0,438.0,227.0,0.01,0.00,3.0,,,,2025-07-01 00:00:00,2025-07-01 00:00:00
category_summary,"Keranjang, Lunch Box / Rantang, Other, Peralatan Makan",4.0,,,1.0,1.0,0.0,0.00,5.0,53000,53000,0,1.0,1.0,438.0,227.0,0.01,0.00,3.0,,,,2024-10-11 00:15:00,2024-10-11 00:15:00
category_summary,"Baskom / Mangkok Besar, Celengan, Saringan / Strainer, Sikat / Pembersih",4.0,,,1.0,1.0,0.0,0.00,5.0,52600,52600,0,1.0,1.0,440.0,227.0,0.01,0.00,3.0,,,,2025-01-21 15:52:00,2025-01-21 15:52:00
category_summary,"Baskom / Mangkok Besar, Gantungan Baju / Hanger, Nampan / Tray",3.0,,,1.0,1.0,0.0,0.00,3.0,52387,52387,0,1.0,1.0,441.0,227.0,0.01,0.00,3.0,,,,2025-06-14 07:34:00,2025-06-14 07:34:00
category_summary,"Mangkok Sambal / Saus, Other, Peralatan Makan, Tempat Nasi",4.0,,,1.0,1.0,0.0,0.00,5.0,52151,52151,0,1.0,1.0,442.0,227.0,0.00,0.00,3.0,,,,2024-12-01 00:00:00,2024-12-01 00:00:00
category_summary,"Celengan, Gayung, Saringan / Strainer",3.0,,,1.0,1.0,0.0,0.00,3.0,52005,52005,0,1.0,1.0,443.0,227.0,0.00,0.00,3.0,,,,2024-03-03 16:06:00,2024-03-03 16:06:00
category_summary,"Keranjang, Other, Plastik / Wadah Plastik",3.0,,,1.0,1.0,0.0,0.00,4.0,52000,52000,0,1.0,1.0,444.0,227.0,0.00,0.00,3.0,,,,2024-05-12 10:01:00,2024-05-12 10:01:00
category_summary,"Aksesoris Pintu, Gayung",2.0,,,3.0,3.0,0.0,0.00,6.0,51510,17170,0,3.0,3.0,445.0,121.0,0.00,0.01,3.0,,,,2024-09-18 06:56:00,2025-07-01 00:00:00
category_summary,"Aksesoris Pintu, Baskom / Mangkok Besar, Keranjang",3.0,,,1.0,1.0,0.0,0.00,5.0,51500,51500,0,1.0,1.0,446.0,227.0,0.00,0.00,3.0,,,,2025-01-21 08:23:00,2025-01-21 08:23:00
category_summary,"Mangkok Sambal / Saus, Pengolah Bumbu / Sayur",2.0,,,1.0,1.0,0.0,0.00,2.0,51500,51500,0,1.0,1.0,446.0,227.0,0.00,0.00,3.0,,,,2024-12-01 00:00:00,2024-12-01 00:00:00
category_summary,"Bangku / Kursi Kecil, Celengan, Peralatan Kamar Mandi, Perlengkapan Packing",4.0,,,2.0,1.0,1.0,50.00,4.0,51385,51385,0,1.0,1.0,448.0,142.0,0.00,0.01,3.0,,,,2024-03-24 07:14:00,2024-03-24 07:23:00
category_summary,"Other, Piring, Sikat / Pembersih",3.0,,,1.0,1.0,0.0,0.00,7.0,50929,50929,0,1.0,1.0,449.0,227.0,0.00,0.00,3.0,,,,2025-03-17 05:25:00,2025-03-17 05:25:00
category_summary,"Aksesoris Pintu, Botol / Gelas / Mug, Other",3.0,,,2.0,2.0,0.0,0.00,7.0,50114,25057,0,2.0,2.0,450.0,142.0,0.00,0.01,3.0,,,,2024-09-03 11:34:00,2025-08-29 16:04:00
category_summary,"Keranjang, Mangkok Sambal / Saus, Peralatan Makan",3.0,,,2.0,1.0,1.0,50.00,4.0,50088,50088,0,2.0,1.0,451.0,142.0,0.00,0.01,3.0,,,,2024-07-14 11:10:00,2024-12-01 00:00:00
category_summary,"Peralatan Makan, Plastik / Wadah Plastik, Saringan / Strainer",3.0,,,2.0,2.0,0.0,0.00,7.0,49670,24835,0,2.0,2.0,452.0,142.0,0.00,0.01,3.0,,,,2024-05-05 15:20:00,2024-08-31 05:51:00
category_summary,"Botol / Gelas / Mug, Teko / Jug",2.0,,,1.0,1.0,0.0,0.00,4.0,49360,49360,0,1.0,1.0,453.0,227.0,0.00,0.00,3.0,,,,2024-05-02 22:36:00,2024-05-02 22:36:00
category_summary,"Celengan, Mangkok, Nampan / Tray",3.0,,,1.0,1.0,0.0,0.00,5.0,49296,49296,0,1.0,1.0,454.0,227.0,0.00,0.00,3.0,,,,2025-04-15 05:51:00,2025-04-15 05:51:00
category_summary,"Mangkok Sambal / Saus, Sapu / Pembersih Lantai, Saringan / Strainer, Sikat / Pembersih, Spatula",5.0,,,1.0,1.0,0.0,0.00,5.0,48895,48895,0,1.0,1.0,455.0,227.0,0.00,0.00,3.0,,,,2024-10-09 05:42:00,2024-10-09 05:42:00
category_summary,"Celengan, Tempat Sampah",2.0,,,1.0,1.0,0.0,0.00,2.0,48840,48840,0,1.0,1.0,456.0,227.0,0.00,0.00,3.0,,,,2024-01-04 12:55:00,2024-01-04 12:55:00
category_summary,"Keranjang, Piring",2.0,,,1.0,1.0,0.0,0.00,5.0,48632,48632,0,1.0,1.0,457.0,227.0,0.00,0.00,3.0,,,,2025-01-08 19:18:00,2025-01-08 19:18:00
category_summary,"Aksesoris Mandi, Celengan, Rak / Rak Serbaguna",3.0,,,1.0,1.0,0.0,0.00,3.0,48400,48400,0,1.0,1.0,458.0,227.0,0.00,0.00,3.0,,,,2024-11-25 20:56:00,2024-11-25 20:56:00
category_summary,"Botol / Gelas / Mug, Gantungan Baju / Hanger, Saringan / Strainer",3.0,,,2.0,1.0,1.0,50.00,3.0,48000,48000,0,1.0,1.0,459.0,142.0,0.00,0.01,3.0,,,,2024-09-13 19:08:00,2024-09-13 19:09:00
category_summary,"Bangku / Kursi Kecil, Keranjang, Saringan / Strainer",3.0,,,1.0,1.0,0.0,0.00,3.0,47941,47941,0,1.0,1.0,460.0,227.0,0.00,0.00,3.0,,,,2025-02-17 06:32:00,2025-02-17 06:32:00
category_summary,"Celengan, Perlengkapan Packing, Sikat / Pembersih",3.0,,,1.0,1.0,0.0,0.00,4.0,47900,47900,0,1.0,1.0,461.0,227.0,0.00,0.00,3.0,,,,2025-11-06 13:51:00,2025-11-06 13:51:00
category_summary,"Baskom / Mangkok Besar, Other, Peralatan Makan, Saringan / Strainer",4.0,,,1.0,1.0,0.0,0.00,4.0,47885,47885,0,1.0,1.0,462.0,227.0,0.00,0.00,3.0,,,,2024-12-01 00:00:00,2024-12-01 00:00:00
category_summary,"Baskom / Mangkok Besar, Nampan / Tray, Other, Pisau / Alat Potong, Saringan / Strainer",5.0,,,1.0,1.0,0.0,0.00,5.0,47500,47500,0,1.0,1.0,463.0,227.0,0.00,0.00,3.0,,,,2025-06-16 18:42:00,2025-06-16 18:42:00
category_summary,"Lunch Box / Rantang, Other",2.0,,,2.0,2.0,0.0,0.00,6.0,47213,23607,0,2.0,2.0,464.0,142.0,0.00,0.01,3.0,,,,2024-07-17 08:33:00,2024-10-08 00:51:00
category_summary,"Aksesoris ID Card, Aksesoris Pintu, Gantungan Baju / Hanger",3.0,,,1.0,1.0,0.0,0.00,3.0,47000,47000,0,1.0,1.0,465.0,227.0,0.00,0.00,3.0,,,,2024-12-01 00:00:00,2024-12-01 00:00:00
category_summary,"Keranjang, Plastik / Wadah Plastik, Sikat / Pembersih",3.0,,,1.0,1.0,0.0,0.00,5.0,46864,46864,0,1.0,1.0,466.0,227.0,0.00,0.00,3.0,,,,2025-04-08 19:51:00,2025-04-08 19:51:00
category_summary,"Botol / Gelas / Mug, Keranjang, Saringan / Strainer",3.0,,,1.0,1.0,0.0,0.00,4.0,46820,46820,0,1.0,1.0,467.0,227.0,0.00,0.00,3.0,,,,2024-12-01 00:00:00,2024-12-01 00:00:00
category_summary,"Aksesoris Pintu, Other, Seal / Baut / Roof",3.0,,,1.0,1.0,0.0,0.00,5.0,46400,46400,0,1.0,1.0,468.0,227.0,0.00,0.00,3.0,,,,2025-09-26 09:34:00,2025-09-26 09:34:00
category_summary,"Mangkok Sambal / Saus, Other, Talenan",3.0,,,1.0,1.0,0.0,0.00,3.0,46240,46240,0,1.0,1.0,469.0,227.0,0.00,0.00,3.0,,,,2024-12-01 00:00:00,2024-12-01 00:00:00
category_summary,"Baskom / Mangkok Besar, Other, Tempat Nasi",3.0,,,1.0,1.0,0.0,0.00,3.0,46121,46121,0,1.0,1.0,470.0,227.0,0.00,0.00,3.0,,,,2025-02-27 18:10:00,2025-02-27 18:10:00
category_summary,"Peralatan Kamar Mandi, Perlengkapan Packing",2.0,,,1.0,1.0,0.0,0.00,2.0,45720,45720,0,1.0,1.0,471.0,227.0,0.00,0.00,3.0,,,,2024-04-15 08:11:00,2024-04-15 08:11:00
category_summary,"Aksesoris Pintu, Other, Perkakas",3.0,,,1.0,1.0,0.0,0.00,3.0,45500,45500,0,1.0,1.0,472.0,227.0,0.00,0.00,3.0,,,,2024-08-10 11:54:00,2024-08-10 11:54:00
category_summary,"Celengan, Keranjang, Sapu / Pembersih Lantai, Sikat / Pembersih",4.0,,,2.0,1.0,1.0,50.00,4.0,45440,45440,0,1.0,1.0,473.0,142.0,0.00,0.01,3.0,,,,2024-01-25 10:03:00,2024-01-25 10:04:00
category_summary,"Botol / Gelas / Mug, Lunch Box / Rantang, Peralatan Kamar Mandi",3.0,,,1.0,1.0,0.0,0.00,4.0,45000,45000,0,1.0,1.0,474.0,227.0,0.00,0.00,3.0,,,,2024-06-08 19:34:00,2024-06-08 19:34:00
category_summary,"Botol / Gelas / Mug, Celengan, Mangkok, Other, Pisau / Alat Potong",5.0,,,1.0,1.0,0.0,0.00,6.0,44576,44576,0,1.0,1.0,475.0,227.0,0.00,0.00,3.0,,,,2025-01-12 19:06:00,2025-01-12 19:06:00
category_summary,"Botol / Gelas / Mug, Perlengkapan Packing, Piring, Toples / Sealware",4.0,,,1.0,1.0,0.0,0.00,5.0,44194,44194,0,1.0,1.0,476.0,227.0,0.00,0.00,3.0,,,,2024-10-03 12:10:00,2024-10-03 12:10:00
category_summary,"Bangku / Kursi Kecil, Keranjang, Peralatan Makan",3.0,,,1.0,1.0,0.0,0.00,3.0,44073,44073,0,1.0,1.0,477.0,227.0,0.00,0.00,3.0,,,,2025-11-06 11:59:00,2025-11-06 11:59:00
category_summary,"Bangku / Kursi Kecil, Peralatan Makan, Saringan / Strainer",3.0,,,1.0,1.0,0.0,0.00,4.0,43298,43298,0,1.0,1.0,478.0,227.0,0.00,0.00,3.0,,,,2024-08-24 10:49:00,2024-08-24 10:49:00
category_summary,"Aksesoris Mandi, Baskom / Mangkok Besar, Spatula",3.0,,,1.0,1.0,0.0,0.00,3.0,43120,43120,0,1.0,1.0,479.0,227.0,0.00,0.00,3.0,,,,2024-11-23 17:22:00,2024-11-23 17:22:00
category_summary,"Mangkok Sambal / Saus, Piring, Saringan / Strainer",3.0,,,1.0,1.0,0.0,0.00,3.0,42600,42600,0,1.0,1.0,480.0,227.0,0.00,0.00,3.0,,,,2024-10-02 09:45:00,2024-10-02 09:45:00
category_summary,"Aksesoris Pintu, Peralatan Makan, Spatula",3.0,,,1.0,1.0,0.0,0.00,3.0,42500,42500,0,1.0,1.0,481.0,227.0,0.00,0.00,3.0,,,,2025-09-26 11:17:00,2025-09-26 11:17:00
category_summary,"Pisau / Alat Potong, Tempat Nasi",2.0,,,1.0,1.0,0.0,0.00,3.0,42496,42496,0,1.0,1.0,482.0,227.0,0.00,0.00,3.0,,,,2024-10-14 11:36:00,2024-10-14 11:36:00
category_summary,"Mangkok Sambal / Saus, Peralatan Makan, Spatula",3.0,,,1.0,1.0,0.0,0.00,9.0,42468,42468,0,1.0,1.0,483.0,227.0,0.00,0.00,3.0,,,,2024-08-08 15:05:00,2024-08-08 15:05:00
category_summary,"Botol / Gelas / Mug, Perlengkapan Packing, Teko / Jug",3.0,,,1.0,1.0,0.0,0.00,3.0,42288,42288,0,1.0,1.0,484.0,227.0,0.00,0.00,3.0,,,,2024-08-01 20:37:00,2024-08-01 20:37:00
category_summary,"Celengan, Gayung, Pisau / Alat Potong",3.0,,,1.0,1.0,0.0,0.00,4.0,42288,42288,0,1.0,1.0,484.0,227.0,0.00,0.00,3.0,,,,2024-07-11 03:53:00,2024-07-11 03:53:00
category_summary,"Other, Tempat Nasi",2.0,,,2.0,2.0,0.0,0.00,4.0,42270,21135,0,2.0,2.0,486.0,142.0,0.00,0.01,3.0,,,,2024-03-22 18:44:00,2025-04-12 11:47:00
category_summary,"Baskom / Mangkok Besar, Celengan, Other",3.0,,,1.0,1.0,0.0,0.00,4.0,42208,42208,0,1.0,1.0,487.0,227.0,0.00,0.00,3.0,,,,2024-03-03 22:21:00,2024-03-03 22:21:00
category_summary,"Aksesoris Pintu, Peralatan Makan",2.0,,,4.0,2.0,1.0,25.00,4.0,42197,21099,0,3.0,2.0,488.0,99.0,0.00,0.02,3.0,,,,2025-01-08 20:42:00,2025-11-26 22:55:00
category_summary,"Aksesoris Pintu, Plastik / Wadah Plastik, Saringan / Strainer",3.0,,,1.0,1.0,0.0,0.00,4.0,42080,42080,0,1.0,1.0,489.0,227.0,0.00,0.00,3.0,,,,2024-12-01 00:00:00,2024-12-01 00:00:00
category_summary,"Piring, Saringan / Strainer",2.0,,,1.0,1.0,0.0,0.00,5.0,41205,41205,0,1.0,1.0,490.0,227.0,0.00,0.00,3.0,,,,2025-02-07 11:50:00,2025-02-07 11:50:00
category_summary,"Other, Plastik / Wadah Plastik, Sikat / Pembersih",3.0,,,1.0,1.0,0.0,0.00,5.0,41078,41078,0,1.0,1.0,491.0,227.0,0.00,0.00,3.0,,,,2025-02-11 17:30:00,2025-02-11 17:30:00
category_summary,"Baskom / Mangkok Besar, Peralatan Kamar Mandi, Perlengkapan Packing",3.0,,,1.0,1.0,0.0,0.00,4.0,41040,41040,0,1.0,1.0,492.0,227.0,0.00,0.00,3.0,,,,2025-05-04 20:01:00,2025-05-04 20:01:00
category_summary,"Aksesoris Mandi, Sapu / Pembersih Lantai",2.0,,,1.0,1.0,0.0,0.00,3.0,41000,41000,0,1.0,1.0,493.0,227.0,0.00,0.00,3.0,,,,2025-06-29 18:52:00,2025-06-29 18:52:00
category_summary,"Botol / Gelas / Mug, Celengan, Piring",3.0,,,1.0,1.0,0.0,0.00,3.0,40900,40900,0,1.0,1.0,494.0,227.0,0.00,0.00,3.0,,,,2025-09-22 08:51:00,2025-09-22 08:51:00
category_summary,"Botol / Gelas / Mug, Peralatan Makan, Saringan / Strainer",3.0,,,2.0,1.0,1.0,50.00,3.0,40894,40894,0,1.0,1.0,495.0,142.0,0.00,0.01,3.0,,,,2024-08-03 16:33:00,2024-08-03 16:36:00
category_summary,"Aksesoris Pintu, Nampan / Tray, Sapu / Pembersih Lantai, Saringan / Strainer",4.0,,,1.0,1.0,0.0,0.00,5.0,40500,40500,0,1.0,1.0,496.0,227.0,0.00,0.00,3.0,,,,2024-07-07 13:21:00,2024-07-07 13:21:00
category_summary,"Mangkok Sambal / Saus, Peralatan Makan, Pisau / Alat Potong",3.0,,,1.0,1.0,0.0,0.00,3.0,40390,40390,0,1.0,1.0,497.0,227.0,0.00,0.00,3.0,,,,2024-11-18 10:29:00,2024-11-18 10:29:00
category_summary,"Nampan / Tray, Peralatan Kamar Mandi",2.0,,,1.0,1.0,0.0,0.00,4.0,40388,40388,0,1.0,1.0,498.0,227.0,0.00,0.00,3.0,,,,2025-09-28 16:10:00,2025-09-28 16:10:00
category_summary,"Aksesoris Pintu, Keranjang, Mangkok, Other, Peralatan Kamar Mandi, Peralatan Makan",6.0,,,1.0,1.0,0.0,0.00,6.0,40000,40000,0,1.0,1.0,499.0,227.0,0.00,0.00,3.0,,,,2025-02-02 09:47:00,2025-02-02 09:47:00
category_summary,"Nampan / Tray, Other, Plastik / Wadah Plastik",3.0,,,1.0,1.0,0.0,0.00,4.0,40000,40000,0,1.0,1.0,499.0,227.0,0.00,0.00,3.0,,,,2025-10-08 21:08:00,2025-10-08 21:08:00
category_summary,"Aksesoris Pintu, Mangkok, Peralatan Kamar Mandi",3.0,,,1.0,1.0,0.0,0.00,8.0,40000,40000,0,1.0,1.0,499.0,227.0,0.00,0.00,3.0,,,,2025-01-12 11:24:00,2025-01-12 11:24:00
category_summary,"Aksesoris Pintu, Keranjang, Pisau / Alat Potong",3.0,,,1.0,1.0,0.0,0.00,7.0,39900,39900,0,1.0,1.0,502.0,227.0,0.00,0.00,3.0,,,,2024-10-22 06:44:00,2024-10-22 06:44:00
category_summary,"Celengan, Nampan / Tray, Other",3.0,,,1.0,1.0,0.0,0.00,3.0,39700,39700,0,1.0,1.0,503.0,227.0,0.00,0.00,3.0,,,,2024-03-19 04:20:00,2024-03-19 04:20:00
category_summary,"Celengan, Other, Toples / Sealware",3.0,,,1.0,1.0,0.0,0.00,4.0,39700,39700,0,1.0,1.0,503.0,227.0,0.00,0.00,3.0,,,,2024-01-27 09:45:00,2024-01-27 09:45:00
category_summary,"Aksesoris Pintu, Teko / Jug",2.0,,,2.0,1.0,1.0,50.00,8.0,39679,39679,0,2.0,1.0,505.0,142.0,0.00,0.01,3.0,,,,2025-06-02 11:50:00,2025-10-01 16:03:00
category_summary,"Celengan, Other, Pisau / Alat Potong, Saringan / Strainer",4.0,,,1.0,1.0,0.0,0.00,4.0,39556,39556,0,1.0,1.0,506.0,227.0,0.00,0.00,3.0,,,,2024-08-21 15:16:00,2024-08-21 15:16:00
category_summary,"Baskom / Mangkok Besar, Gayung",2.0,,,1.0,1.0,0.0,0.00,3.0,39500,39500,0,1.0,1.0,507.0,227.0,0.00,0.00,3.0,,,,2024-09-29 23:14:00,2024-09-29 23:14:00
category_summary,"Baskom / Mangkok Besar, Celengan, Keranjang",3.0,,,1.0,1.0,0.0,0.00,5.0,39400,39400,0,1.0,1.0,508.0,227.0,0.00,0.00,3.0,,,,2024-12-01 00:00:00,2024-12-01 00:00:00
category_summary,"Botol / Gelas / Mug, Other, Plastik / Wadah Plastik",3.0,,,1.0,1.0,0.0,0.00,3.0,39400,39400,0,1.0,1.0,508.0,227.0,0.00,0.00,3.0,,,,2025-03-05 20:11:00,2025-03-05 20:11:00
category_summary,"Baskom / Mangkok Besar, Botol / Gelas / Mug, Nampan / Tray",3.0,,,1.0,1.0,0.0,0.00,3.0,39400,39400,0,1.0,1.0,508.0,227.0,0.00,0.00,3.0,,,,2025-03-18 01:28:00,2025-03-18 01:28:00
category_summary,"Baskom / Mangkok Besar, Botol / Gelas / Mug, Nampan / Tray, Perlengkapan Packing",4.0,,,1.0,1.0,0.0,0.00,5.0,39200,39200,0,1.0,1.0,511.0,227.0,0.00,0.00,4.0,,,,2025-05-03 09:51:00,2025-05-03 09:51:00
category_summary,"Bangku / Kursi Kecil, Nampan / Tray, Tempat Nasi",3.0,,,1.0,1.0,0.0,0.00,3.0,39132,39132,0,1.0,1.0,512.0,227.0,0.00,0.00,4.0,,,,2024-10-08 10:52:00,2024-10-08 10:52:00
category_summary,"Aksesoris Pintu, Celengan, Keranjang",3.0,,,1.0,1.0,0.0,0.00,3.0,39000,39000,0,1.0,1.0,513.0,227.0,0.00,0.00,4.0,,,,2025-08-31 09:53:00,2025-08-31 09:53:00
category_summary,"Aksesoris Pintu, Mangkok",2.0,,,2.0,2.0,0.0,0.00,6.0,39000,19500,0,1.0,1.0,513.0,142.0,0.00,0.01,4.0,,,,2025-06-11 10:19:00,2025-11-02 21:29:00
category_summary,"Aksesoris Mandi, Baskom / Mangkok Besar, Botol / Gelas / Mug, Celengan, Plastik / Wadah Plastik",5.0,,,1.0,1.0,0.0,0.00,5.0,38900,38900,0,1.0,1.0,515.0,227.0,0.00,0.00,4.0,,,,2024-12-01 00:00:00,2024-12-01 00:00:00
category_summary,"Aksesoris Mandi, Aksesoris Pintu, Keranjang",3.0,,,1.0,1.0,0.0,0.00,5.0,38856,38856,0,1.0,1.0,516.0,227.0,0.00,0.00,4.0,,,,2024-10-09 10:31:00,2024-10-09 10:31:00
category_summary,"Keranjang, Peralatan Makan, Toples / Sealware",3.0,,,1.0,1.0,0.0,0.00,5.0,38800,38800,0,1.0,1.0,517.0,227.0,0.00,0.00,4.0,,,,2025-01-15 20:26:00,2025-01-15 20:26:00
category_summary,"Botol / Gelas / Mug, Perlengkapan Packing, Rak / Rak Serbaguna",3.0,,,1.0,1.0,0.0,0.00,3.0,38800,38800,0,1.0,1.0,517.0,227.0,0.00,0.00,4.0,,,,2024-07-06 12:51:00,2024-07-06 12:51:00
category_summary,"Gantungan Baju / Hanger, Tempat Nasi",2.0,,,1.0,1.0,0.0,0.00,2.0,38800,38800,0,1.0,1.0,517.0,227.0,0.00,0.00,4.0,,,,2024-07-07 15:01:00,2024-07-07 15:01:00
category_summary,"Baskom / Mangkok Besar, Mangkok, Piring, Pisau / Alat Potong, Spatula",5.0,,,1.0,1.0,0.0,0.00,6.0,38400,38400,0,1.0,1.0,520.0,227.0,0.00,0.00,4.0,,,,2025-03-06 17:15:00,2025-03-06 17:15:00
category_summary,"Lunch Box / Rantang, Mangkok Sambal / Saus, Saringan / Strainer",3.0,,,1.0,1.0,0.0,0.00,3.0,38370,38370,0,1.0,1.0,521.0,227.0,0.00,0.00,4.0,,,,2024-07-26 22:50:00,2024-07-26 22:50:00
category_summary,"Botol / Gelas / Mug, Peralatan Kamar Mandi",2.0,,,1.0,1.0,0.0,0.00,2.0,38000,38000,0,1.0,1.0,522.0,227.0,0.00,0.00,4.0,,,,2024-11-16 09:21:00,2024-11-16 09:21:00
category_summary,"Aksesoris Pintu, Bangku / Kursi Kecil, Saringan / Strainer",3.0,,,1.0,1.0,0.0,0.00,3.0,37720,37720,0,1.0,1.0,523.0,227.0,0.00,0.00,4.0,,,,2024-10-04 18:10:00,2024-10-04 18:10:00
category_summary,"Baskom / Mangkok Besar, Keranjang, Other",3.0,,,1.0,1.0,0.0,0.00,4.0,37700,37700,0,1.0,1.0,524.0,227.0,0.00,0.00,4.0,,,,2025-01-09 16:18:00,2025-01-09 16:18:00
category_summary,"Botol / Gelas / Mug, Mangkok, Nampan / Tray",3.0,,,2.0,1.0,1.0,50.00,8.0,37572,37572,0,1.0,1.0,525.0,142.0,0.00,0.01,4.0,,,,2025-08-22 16:17:00,2025-10-24 08:57:00
category_summary,"Aksesoris Pintu, Other, Sapu / Pembersih Lantai",3.0,,,1.0,1.0,0.0,0.00,3.0,37500,37500,0,1.0,1.0,526.0,227.0,0.00,0.00,4.0,,,,2025-08-05 20:31:00,2025-08-05 20:31:00
category_summary,"Mangkok, Nampan / Tray",2.0,,,1.0,1.0,0.0,0.00,4.0,37400,37400,0,1.0,1.0,527.0,227.0,0.00,0.00,4.0,,,,2025-03-23 13:41:00,2025-03-23 13:41:00
category_summary,"Aksesoris Pintu, Other, Perlengkapan Packing, Sapu / Pembersih Lantai, Spatula",5.0,,,1.0,1.0,0.0,0.00,6.0,37400,37400,0,1.0,1.0,527.0,227.0,0.00,0.00,4.0,,,,2025-04-14 04:03:00,2025-04-14 04:03:00
category_summary,"Celengan, Plastik / Wadah Plastik, Tempat Nasi",3.0,,,1.0,1.0,0.0,0.00,3.0,37192,37192,0,1.0,1.0,529.0,227.0,0.00,0.00,4.0,,,,2025-01-31 08:21:00,2025-01-31 08:21:00
category_summary,"Keranjang, Peralatan Kamar Mandi, Pisau / Alat Potong",3.0,,,1.0,1.0,0.0,0.00,5.0,37000,37000,0,1.0,1.0,530.0,227.0,0.00,0.00,4.0,,,,2024-03-03 12:14:00,2024-03-03 12:14:00
category_summary,"Celengan, Mangkok",2.0,,,2.0,1.0,1.0,50.00,3.0,37000,37000,0,2.0,1.0,530.0,142.0,0.00,0.01,4.0,,,,2025-04-21 00:25:00,2025-04-30 09:47:00
category_summary,"Bangku / Kursi Kecil, Mangkok Sambal / Saus",2.0,,,1.0,1.0,0.0,0.00,2.0,36900,36900,0,1.0,1.0,532.0,227.0,0.00,0.00,4.0,,,,2025-10-24 17:14:00,2025-10-24 17:14:00
category_summary,"Other, Piring",2.0,,,1.0,1.0,0.0,0.00,2.0,36589,36589,0,1.0,1.0,533.0,227.0,0.00,0.00,4.0,,,,2025-03-11 00:21:00,2025-03-11 00:21:00
category_summary,"Keranjang, Other, Pisau / Alat Potong",3.0,,,1.0,1.0,0.0,0.00,3.0,36400,36400,0,1.0,1.0,534.0,227.0,0.00,0.00,4.0,,,,2025-04-18 06:42:00,2025-04-18 06:42:00
category_summary,"Nampan / Tray, Saringan / Strainer, Tempat Nasi",3.0,,,1.0,1.0,0.0,0.00,3.0,36342,36342,0,1.0,1.0,535.0,227.0,0.00,0.00,4.0,,,,2024-07-08 03:09:00,2024-07-08 03:09:00
category_summary,"Botol / Gelas / Mug, Mangkok",2.0,,,2.0,2.0,0.0,0.00,7.0,35560,17780,0,2.0,2.0,536.0,142.0,0.00,0.01,4.0,,,,2024-07-07 06:08:00,2024-12-01 00:00:00
category_summary,"Plastik / Wadah Plastik, Seal / Baut / Roof",2.0,,,1.0,1.0,0.0,0.00,5.0,35500,35500,0,1.0,1.0,537.0,227.0,0.00,0.00,4.0,,,,2025-10-11 11:09:00,2025-10-11 11:09:00
category_summary,"Mangkok Sambal / Saus, Nampan / Tray, Plastik / Wadah Plastik",3.0,,,1.0,1.0,0.0,0.00,5.0,35500,35500,0,1.0,1.0,537.0,227.0,0.00,0.00,4.0,,,,2024-06-03 22:31:00,2024-06-03 22:31:00
category_summary,"Mangkok Sambal / Saus, Nampan / Tray, Sikat / Pembersih",3.0,,,1.0,1.0,0.0,0.00,4.0,35400,35400,0,1.0,1.0,539.0,227.0,0.00,0.00,4.0,,,,2025-01-18 14:24:00,2025-01-18 14:24:00
category_summary,"Aksesoris Mandi, Celengan, Peralatan Kamar Mandi, Sapu / Pembersih Lantai",4.0,,,1.0,1.0,0.0,0.00,4.0,35382,35382,0,1.0,1.0,540.0,227.0,0.00,0.00,4.0,,,,2024-08-04 14:15:00,2024-08-04 14:15:00
category_summary,"Peralatan Kamar Mandi, Rak / Rak Serbaguna",2.0,,,1.0,1.0,0.0,0.00,3.0,35320,35320,0,1.0,1.0,541.0,227.0,0.00,0.00,4.0,,,,2025-02-27 10:50:00,2025-02-27 10:50:00
category_summary,"Aksesoris Pintu, Keranjang, Other, Pisau / Alat Potong",4.0,,,1.0,1.0,0.0,0.00,6.0,35191,35191,0,1.0,1.0,542.0,227.0,0.00,0.00,4.0,,,,2025-04-28 06:53:00,2025-04-28 06:53:00
category_summary,"Botol / Gelas / Mug, Gantungan Baju / Hanger",2.0,,,1.0,1.0,0.0,0.00,3.0,35112,35112,0,1.0,1.0,543.0,227.0,0.00,0.00,4.0,,,,2024-11-19 16:19:00,2024-11-19 16:19:00
category_summary,"Botol / Gelas / Mug, Saringan / Strainer",2.0,,,1.0,1.0,0.0,0.00,5.0,35000,35000,0,1.0,1.0,544.0,227.0,0.00,0.00,4.0,,,,2025-10-03 22:46:00,2025-10-03 22:46:00
category_summary,"Keranjang, Other, Teko / Jug",3.0,,,1.0,1.0,0.0,0.00,3.0,34800,34800,0,1.0,1.0,545.0,227.0,0.00,0.00,4.0,,,,2025-03-04 10:51:00,2025-03-04 10:51:00
category_summary,"Aksesoris Pintu, Perkakas",2.0,,,1.0,1.0,0.0,0.00,3.0,34500,34500,0,1.0,1.0,546.0,227.0,0.00,0.00,4.0,,,,2024-11-07 19:10:00,2024-11-07 19:10:00
category_summary,"Perlengkapan Packing, Teko / Jug, Tempat Nasi",3.0,,,1.0,1.0,0.0,0.00,3.0,34480,34480,0,1.0,1.0,547.0,227.0,0.00,0.00,4.0,,,,2024-09-05 07:26:00,2024-09-05 07:26:00
category_summary,"Celengan, Piring",2.0,,,1.0,1.0,0.0,0.00,2.0,34400,34400,0,1.0,1.0,548.0,227.0,0.00,0.00,4.0,,,,2025-09-10 21:09:00,2025-09-10 21:09:00
category_summary,"Gantungan Baju / Hanger, Peralatan Kamar Mandi",2.0,,,1.0,1.0,0.0,0.00,2.0,34383,34383,0,1.0,1.0,549.0,227.0,0.00,0.00,4.0,,,,2024-10-20 00:29:00,2024-10-20 00:29:00
category_summary,"Celengan, Nampan / Tray, Sikat / Pembersih",3.0,,,1.0,1.0,0.0,0.00,3.0,34350,34350,0,1.0,1.0,550.0,227.0,0.00,0.00,4.0,,,,2024-02-23 15:12:00,2024-02-23 15:12:00
category_summary,"Botol / Gelas / Mug, Celengan, Sapu / Pembersih Lantai",3.0,,,1.0,1.0,0.0,0.00,3.0,34300,34300,0,1.0,1.0,551.0,227.0,0.00,0.00,4.0,,,,2024-12-01 00:00:00,2024-12-01 00:00:00
category_summary,"Aksesoris Pintu, Peralatan Kamar Mandi, Peralatan Makan, Pisau / Alat Potong",4.0,,,2.0,1.0,1.0,50.00,4.0,34300,34300,0,1.0,1.0,551.0,142.0,0.00,0.01,4.0,,,,2025-05-18 19:38:00,2025-05-23 16:27:00
category_summary,"Bangku / Kursi Kecil, Nampan / Tray",2.0,,,2.0,1.0,1.0,50.00,2.0,34256,34256,0,2.0,1.0,553.0,142.0,0.00,0.01,4.0,,,,2025-04-08 19:51:00,2025-04-27 19:05:00
category_summary,"Aksesoris Pintu, Botol / Gelas / Mug, Sapu / Pembersih Lantai",3.0,,,1.0,1.0,0.0,0.00,4.0,33800,33800,0,1.0,1.0,554.0,227.0,0.00,0.00,4.0,,,,2024-07-30 17:18:00,2024-07-30 17:18:00
category_summary,"Bangku / Kursi Kecil, Perlengkapan Packing, Spatula",3.0,,,1.0,1.0,0.0,0.00,4.0,33739,33739,0,1.0,1.0,555.0,227.0,0.00,0.00,4.0,,,,2025-05-11 17:40:00,2025-05-11 17:40:00
category_summary,"Nampan / Tray, Peralatan Makan",2.0,,,1.0,1.0,0.0,0.00,3.0,33500,33500,0,1.0,1.0,556.0,227.0,0.00,0.00,4.0,,,,2025-08-15 05:15:00,2025-08-15 05:15:00
category_summary,"Keranjang, Mangkok",2.0,,,1.0,1.0,0.0,0.00,3.0,33500,33500,0,1.0,1.0,556.0,227.0,0.00,0.00,4.0,,,,2024-02-10 08:44:00,2024-02-10 08:44:00
category_summary,"Baskom / Mangkok Besar, Plastik / Wadah Plastik, Talenan",3.0,,,1.0,1.0,0.0,0.00,4.0,33448,33448,0,1.0,1.0,558.0,227.0,0.00,0.00,4.0,,,,2025-01-21 08:44:00,2025-01-21 08:44:00
category_summary,"Mangkok Sambal / Saus, Other, Pisau / Alat Potong",3.0,,,1.0,1.0,0.0,0.00,3.0,33240,33240,0,1.0,1.0,559.0,227.0,0.00,0.00,4.0,,,,2024-07-15 20:08:00,2024-07-15 20:08:00
category_summary,"Celengan, Piring, Plastik / Wadah Plastik",3.0,,,1.0,1.0,0.0,0.00,5.0,33000,33000,0,1.0,1.0,560.0,227.0,0.00,0.00,4.0,,,,2024-10-19 07:45:00,2024-10-19 07:45:00
category_summary,"Celengan, Spatula",2.0,,,1.0,1.0,0.0,0.00,2.0,33000,33000,0,1.0,1.0,560.0,227.0,0.00,0.00,4.0,,,,2025-09-04 19:13:00,2025-09-04 19:13:00
category_summary,"Baskom / Mangkok Besar, Botol / Gelas / Mug, Peralatan Makan",3.0,,,1.0,1.0,0.0,0.00,3.0,32756,32756,0,1.0,1.0,562.0,227.0,0.00,0.00,4.0,,,,2024-11-25 00:09:00,2024-11-25 00:09:00
category_summary,"Aksesoris Mandi, Peralatan Makan, Toples / Sealware",3.0,,,1.0,1.0,0.0,0.00,3.0,32714,32714,0,1.0,1.0,563.0,227.0,0.00,0.00,4.0,,,,2024-08-08 05:02:00,2024-08-08 05:02:00
category_summary,"Gayung, Lunch Box / Rantang, Saringan / Strainer",3.0,,,1.0,1.0,0.0,0.00,3.0,32620,32620,0,1.0,1.0,564.0,227.0,0.00,0.00,4.0,,,,2024-08-24 09:00:00,2024-08-24 09:00:00
category_summary,"Botol / Gelas / Mug, Keranjang, Sikat / Pembersih",3.0,,,1.0,1.0,0.0,0.00,4.0,32500,32500,0,1.0,1.0,565.0,227.0,0.00,0.00,4.0,,,,2025-01-11 08:15:00,2025-01-11 08:15:00
category_summary,"Aksesoris Pintu, Keranjang, Other",3.0,,,1.0,1.0,0.0,0.00,3.0,32310,32310,0,1.0,1.0,566.0,227.0,0.00,0.00,4.0,,,,2025-04-29 09:00:00,2025-04-29 09:00:00
category_summary,"Aksesoris Pintu, Other, Peralatan Makan",3.0,,,1.0,1.0,0.0,0.00,4.0,32200,32200,0,1.0,1.0,567.0,227.0,0.00,0.00,4.0,,,,2025-01-08 20:57:00,2025-01-08 20:57:00
category_summary,"Nampan / Tray, Peralatan Kamar Mandi, Plastik / Wadah Plastik",3.0,,,1.0,1.0,0.0,0.00,4.0,32004,32004,0,1.0,1.0,568.0,227.0,0.00,0.00,4.0,,,,2025-08-28 18:20:00,2025-08-28 18:20:00
category_summary,"Baskom / Mangkok Besar, Mangkok Sambal / Saus, Sikat / Pembersih",3.0,,,1.0,1.0,0.0,0.00,5.0,31749,31749,0,1.0,1.0,569.0,227.0,0.00,0.00,4.0,,,,2025-02-12 09:15:00,2025-02-12 09:15:00
category_summary,"Aksesoris Mandi, Perlengkapan Packing, Tempat Nasi",3.0,,,1.0,1.0,0.0,0.00,3.0,31680,31680,0,1.0,1.0,570.0,227.0,0.00,0.00,4.0,,,,2024-11-14 11:59:00,2024-11-14 11:59:00
category_summary,"Aksesoris Pintu, Botol / Gelas / Mug, Other, Peralatan Kamar Mandi, Sikat / Pembersih",5.0,,,1.0,1.0,0.0,0.00,5.0,31660,31660,0,1.0,1.0,571.0,227.0,0.00,0.00,4.0,,,,2025-07-01 00:00:00,2025-07-01 00:00:00
category_summary,"Nampan / Tray, Tempat Nasi",2.0,,,2.0,1.0,1.0,50.00,2.0,31460,31460,0,1.0,1.0,572.0,142.0,0.00,0.01,4.0,,,,2024-09-14 02:16:00,2024-09-14 02:23:00
category_summary,"Gantungan Baju / Hanger, Nampan / Tray, Plastik / Wadah Plastik",3.0,,,1.0,1.0,0.0,0.00,4.0,31000,31000,0,1.0,1.0,573.0,227.0,0.00,0.00,4.0,,,,2024-10-08 02:53:00,2024-10-08 02:53:00
category_summary,"Baskom / Mangkok Besar, Nampan / Tray, Perlengkapan Packing",3.0,,,1.0,1.0,0.0,0.00,4.0,30997,30997,0,1.0,1.0,574.0,227.0,0.00,0.00,4.0,,,,2025-03-17 08:17:00,2025-03-17 08:17:00
category_summary,"Aksesoris Pintu, Saringan / Strainer",2.0,,,1.0,1.0,0.0,0.00,3.0,30898,30898,0,1.0,1.0,575.0,227.0,0.00,0.00,4.0,,,,2024-12-01 00:00:00,2024-12-01 00:00:00
category_summary,"Baskom / Mangkok Besar, Mangkok Sambal / Saus, Plastik / Wadah Plastik",3.0,,,2.0,1.0,1.0,50.00,5.0,30780,30780,0,1.0,1.0,576.0,142.0,0.00,0.01,4.0,,,,2025-01-21 12:54:00,2025-01-21 17:04:00
category_summary,"Aksesoris Mandi, Keranjang, Other, Perlengkapan Packing, Plastik / Wadah Plastik",5.0,,,1.0,1.0,0.0,0.00,5.0,30168,30168,0,1.0,1.0,577.0,227.0,0.00,0.00,4.0,,,,2025-01-07 10:34:00,2025-01-07 10:34:00
category_summary,"Aksesoris Mandi, Teko / Jug",2.0,,,1.0,1.0,0.0,0.00,2.0,30120,30120,0,1.0,1.0,578.0,227.0,0.00,0.00,4.0,,,,2024-05-02 22:26:00,2024-05-02 22:26:00
category_summary,"Bangku / Kursi Kecil, Other",2.0,,,1.0,1.0,0.0,0.00,2.0,29578,29578,0,1.0,1.0,579.0,227.0,0.00,0.00,4.0,,,,2024-11-19 20:06:00,2024-11-19 20:06:00
category_summary,"Teko / Jug, Tempat Nasi",2.0,,,1.0,1.0,0.0,0.00,2.0,29080,29080,0,1.0,1.0,580.0,227.0,0.00,0.00,4.0,,,,2024-08-08 07:19:00,2024-08-08 07:19:00
category_summary,"Aksesoris Pintu, Celengan, Perlengkapan Packing",3.0,,,1.0,1.0,0.0,0.00,4.0,28900,28900,0,1.0,1.0,581.0,227.0,0.00,0.00,4.0,,,,2025-10-03 13:18:00,2025-10-03 13:18:00
category_summary,"Botol / Gelas / Mug, Other, Plastik / Wadah Plastik, Spatula",4.0,,,1.0,1.0,0.0,0.00,6.0,28867,28867,0,1.0,1.0,582.0,227.0,0.00,0.00,4.0,,,,2025-03-07 04:50:00,2025-03-07 04:50:00
category_summary,"Plastik / Wadah Plastik, Tempat Nasi",2.0,,,1.0,1.0,0.0,0.00,2.0,28787,28787,0,1.0,1.0,583.0,227.0,0.00,0.00,4.0,,,,2024-07-17 22:00:00,2024-07-17 22:00:00
category_summary,"Aksesoris Pintu, Mangkok Sambal / Saus, Pisau / Alat Potong",3.0,,,1.0,1.0,0.0,0.00,3.0,28400,28400,0,1.0,1.0,584.0,227.0,0.00,0.00,4.0,,,,2025-02-12 17:29:00,2025-02-12 17:29:00
category_summary,"Bangku / Kursi Kecil, Peralatan Kamar Mandi",2.0,,,1.0,1.0,0.0,0.00,2.0,28180,28180,0,1.0,1.0,585.0,227.0,0.00,0.00,4.0,,,,2025-10-23 23:06:00,2025-10-23 23:06:00
category_summary,"Keranjang, Spatula",2.0,,,1.0,1.0,0.0,0.00,2.0,28040,28040,0,1.0,1.0,586.0,227.0,0.00,0.00,4.0,,,,2025-02-05 22:35:00,2025-02-05 22:35:00
category_summary,"Spatula, Tempat Nasi",2.0,,,1.0,1.0,0.0,0.00,2.0,27910,27910,0,1.0,1.0,587.0,227.0,0.00,0.00,4.0,,,,2024-11-12 00:03:00,2024-11-12 00:03:00
category_summary,"Aksesoris Pintu, Piring",2.0,,,2.0,2.0,0.0,0.00,5.0,27883,13942,0,2.0,2.0,588.0,142.0,0.00,0.01,4.0,,,,2024-12-01 00:00:00,2024-12-01 00:00:00
category_summary,"Celengan, Perlengkapan Packing, Plastik / Wadah Plastik",3.0,,,1.0,1.0,0.0,0.00,3.0,27700,27700,0,1.0,1.0,589.0,227.0,0.00,0.00,4.0,,,,2025-01-02 23:03:00,2025-01-02 23:03:00
category_summary,"Mangkok, Mangkok Sambal / Saus",2.0,,,1.0,1.0,0.0,0.00,3.0,27000,27000,0,1.0,1.0,590.0,227.0,0.00,0.00,4.0,,,,2025-07-01 00:00:00,2025-07-01 00:00:00
category_summary,"Celengan, Plastik / Wadah Plastik, Teko / Jug",3.0,,,1.0,1.0,0.0,0.00,3.0,26862,26862,0,1.0,1.0,591.0,227.0,0.00,0.00,4.0,,,,2024-01-01 14:36:00,2024-01-01 14:36:00
category_summary,"Keranjang, Sapu / Pembersih Lantai",2.0,,,1.0,1.0,0.0,0.00,3.0,26861,26861,0,1.0,1.0,592.0,227.0,0.00,0.00,4.0,,,,2024-12-01 00:00:00,2024-12-01 00:00:00
category_summary,"Keranjang, Peralatan Kamar Mandi",2.0,,,1.0,1.0,0.0,0.00,2.0,25900,25900,0,1.0,1.0,593.0,227.0,0.00,0.00,4.0,,,,2025-07-01 00:00:00,2025-07-01 00:00:00
category_summary,"Aksesoris Pintu, Botol / Gelas / Mug, Nampan / Tray",3.0,,,1.0,1.0,0.0,0.00,5.0,25544,25544,0,1.0,1.0,594.0,227.0,0.00,0.00,4.0,,,,2025-01-08 23:10:00,2025-01-08 23:10:00
category_summary,"Aksesoris ID Card, Pisau / Alat Potong",2.0,,,1.0,1.0,0.0,0.00,3.0,25308,25308,0,1.0,1.0,595.0,227.0,0.00,0.00,4.0,,,,2025-02-06 20:40:00,2025-02-06 20:40:00
category_summary,"Aksesoris Pintu, Botol / Gelas / Mug, Lunch Box / Rantang",3.0,,,1.0,1.0,0.0,0.00,3.0,25232,25232,0,1.0,1.0,596.0,227.0,0.00,0.00,4.0,,,,2024-10-04 07:02:00,2024-10-04 07:02:00
category_summary,"Celengan, Pisau / Alat Potong",2.0,,,1.0,1.0,0.0,0.00,2.0,24735,24735,0,1.0,1.0,597.0,227.0,0.00,0.00,4.0,,,,2025-01-22 21:39:00,2025-01-22 21:39:00
category_summary,"Aksesoris Mandi, Aksesoris Pintu",2.0,,,1.0,1.0,0.0,0.00,4.0,24637,24637,0,1.0,1.0,598.0,227.0,0.00,0.00,4.0,,,,2024-11-02 19:05:00,2024-11-02 19:05:00
category_summary,"Aksesoris Mandi, Aksesoris Pintu, Plastik / Wadah Plastik",3.0,,,1.0,1.0,0.0,0.00,5.0,23880,23880,0,1.0,1.0,599.0,227.0,0.00,0.00,4.0,,,,2024-06-06 13:22:00,2024-06-06 13:22:00
category_summary,"Aksesoris Pintu, Other, Toples / Sealware",3.0,,,1.0,1.0,0.0,0.00,4.0,23800,23800,0,1.0,1.0,600.0,227.0,0.00,0.00,4.0,,,,2024-07-20 03:09:00,2024-07-20 03:09:00
category_summary,"Aksesoris Mandi, Keranjang, Sapu / Pembersih Lantai",3.0,,,1.0,1.0,0.0,0.00,3.0,22843,22843,0,1.0,1.0,601.0,227.0,0.00,0.00,4.0,,,,2025-07-01 00:00:00,2025-07-01 00:00:00
category_summary,"Aksesoris Pintu, Mangkok, Pisau / Alat Potong",3.0,,,1.0,1.0,0.0,0.00,3.0,22611,22611,0,1.0,1.0,602.0,227.0,0.00,0.00,4.0,,,,2024-10-10 00:02:00,2024-10-10 00:02:00
category_summary,"Aksesoris Pintu, Peralatan Makan, Perkakas",3.0,,,1.0,1.0,0.0,0.00,3.0,22513,22513,0,1.0,1.0,603.0,227.0,0.00,0.00,4.0,,,,2024-08-05 21:23:00,2024-08-05 21:23:00
category_summary,"Seal / Baut / Roof, Sikat / Pembersih",2.0,,,1.0,1.0,0.0,0.00,2.0,21954,21954,0,1.0,1.0,604.0,227.0,0.00,0.00,4.0,,,,2025-06-01 10:00:00,2025-06-01 10:00:00
category_summary,"Celengan, Keranjang, Spatula",3.0,,,1.0,1.0,0.0,0.00,3.0,21800,21800,0,1.0,1.0,605.0,227.0,0.00,0.00,4.0,,,,2024-07-27 14:52:00,2024-07-27 14:52:00
category_summary,"Aksesoris Pintu, Lunch Box / Rantang",2.0,,,1.0,1.0,0.0,0.00,2.0,21579,21579,0,1.0,1.0,606.0,227.0,0.00,0.00,4.0,,,,2025-05-26 21:52:00,2025-05-26 21:52:00
category_summary,"Bangku / Kursi Kecil, Botol / Gelas / Mug",2.0,,,1.0,1.0,0.0,0.00,2.0,20987,20987,0,1.0,1.0,607.0,227.0,0.00,0.00,4.0,,,,2025-05-09 18:11:00,2025-05-09 18:11:00
category_summary,"Aksesoris Mandi, Keranjang",2.0,,,1.0,1.0,0.0,0.00,2.0,20250,20250,0,1.0,1.0,608.0,227.0,0.00,0.00,4.0,,,,2024-04-15 17:07:00,2024-04-15 17:07:00
category_summary,"Botol / Gelas / Mug, Other, Peralatan Kamar Mandi",3.0,,,1.0,1.0,0.0,0.00,3.0,20000,20000,0,1.0,1.0,609.0,227.0,0.00,0.00,4.0,,,,2024-12-01 00:00:00,2024-12-01 00:00:00
category_summary,"Nampan / Tray, Spatula",2.0,,,3.0,1.0,2.0,66.67,2.0,19079,19079,0,3.0,1.0,610.0,121.0,0.00,0.01,4.0,,,,2024-02-02 12:50:00,2025-04-08 15:23:00
category_summary,"Other, Spatula, Tempat Nasi",3.0,,,1.0,1.0,0.0,0.00,3.0,18160,18160,0,1.0,1.0,611.0,227.0,0.00,0.00,4.0,,,,2025-02-19 14:52:00,2025-02-19 14:52:00
category_summary,"Nampan / Tray, Saringan / Strainer, Spatula",3.0,,,1.0,1.0,0.0,0.00,3.0,18096,18096,0,1.0,1.0,612.0,227.0,0.00,0.00,4.0,,,,2025-01-02 11:44:00,2025-01-02 11:44:00
category_summary,"Botol / Gelas / Mug, Piring",2.0,,,1.0,1.0,0.0,0.00,2.0,17700,17700,0,1.0,1.0,613.0,227.0,0.00,0.00,4.0,,,,2025-04-13 08:17:00,2025-04-13 08:17:00
category_summary,"Aksesoris Pintu, Peralatan Kamar Mandi, Plastik / Wadah Plastik, Sikat / Pembersih",4.0,,,1.0,1.0,0.0,0.00,4.0,15870,15870,0,1.0,1.0,614.0,227.0,0.00,0.00,4.0,,,,2024-08-08 10:48:00,2024-08-08 10:48:00
category_summary,"Aksesoris Pintu, Pisau / Alat Potong, Toples / Sealware",3.0,,,2.0,1.0,1.0,50.00,4.0,15741,15741,0,1.0,1.0,615.0,142.0,0.00,0.01,4.0,,,,2025-06-12 14:41:00,2025-06-12 15:01:00
category_summary,"Aksesoris Pintu, Botol / Gelas / Mug, Plastik / Wadah Plastik",3.0,,,1.0,1.0,0.0,0.00,4.0,15203,15203,0,1.0,1.0,616.0,227.0,0.00,0.00,4.0,,,,2024-12-01 00:00:00,2024-12-01 00:00:00
category_summary,"Aksesoris Mandi, Botol / Gelas / Mug",2.0,,,1.0,1.0,0.0,0.00,2.0,14520,14520,0,1.0,1.0,617.0,227.0,0.00,0.00,4.0,,,,2024-11-02 05:34:00,2024-11-02 05:34:00
category_summary,"Aksesoris Pintu, Other, Saringan / Strainer",3.0,,,1.0,1.0,0.0,0.00,3.0,12896,12896,0,1.0,1.0,618.0,227.0,0.00,0.00,4.0,,,,2024-06-08 18:33:00,2024-06-08 18:33:00
category_summary,"Gayung, Keranjang",2.0,,,1.0,1.0,0.0,0.00,2.0,11400,11400,0,1.0,1.0,619.0,227.0,0.00,0.00,4.0,,,,2024-11-11 02:48:00,2024-11-11 02:48:00
category_summary,"Botol / Gelas / Mug, Spatula",2.0,,,1.0,1.0,0.0,0.00,2.0,9140,9140,0,1.0,1.0,620.0,227.0,0.00,0.00,4.0,,,,2024-12-01 00:00:00,2024-12-01 00:00:00
category_summary,"Cobek / Ulekan, Other",2.0,,,1.0,1.0,0.0,0.00,2.0,9112,9112,0,1.0,1.0,621.0,227.0,0.00,0.00,4.0,,,,2024-05-05 05:02:00,2024-05-05 05:02:00
category_summary,"Other, Plastik / Wadah Plastik, Seal / Baut / Roof",3.0,,,1.0,1.0,0.0,0.00,3.0,6616,6616,0,1.0,1.0,622.0,227.0,0.00,0.00,4.0,,,,2025-02-12 07:53:00,2025-02-12 07:53:00
category_summary,"Other, Pengolah Bumbu / Sayur, Peralatan Makan, Pisau / Alat Potong, Saringan / Strainer, Spatula",6.0,,,1.0,0.0,1.0,100.00,0.0,0,,0,1.0,0.0,623.0,227.0,0.00,0.00,4.0,,,,2024-10-23 23:44:00,2024-10-23 23:44:00
category_summary,"Bangku / Kursi Kecil, Keranjang, Sapu / Pembersih Lantai, Tempat Nasi",4.0,,,1.0,0.0,1.0,100.00,0.0,0,,0,1.0,0.0,623.0,227.0,0.00,0.00,4.0,,,,2024-07-11 10:18:00,2024-07-11 10:18:00
category_summary,"Mangkok Sambal / Saus, Peralatan Makan, Piring",3.0,,,1.0,0.0,1.0,100.00,0.0,0,,0,1.0,0.0,623.0,227.0,0.00,0.00,4.0,,,,2024-11-18 21:17:00,2024-11-18 21:17:00
category_summary,"Nampan / Tray, Sapu / Pembersih Lantai, Teko / Jug",3.0,,,1.0,0.0,1.0,100.00,0.0,0,,0,1.0,0.0,623.0,227.0,0.00,0.00,4.0,,,,2025-05-24 08:06:00,2025-05-24 08:06:00
category_summary,"Celengan, Other, Pisau / Alat Potong",3.0,,,1.0,0.0,1.0,100.00,0.0,0,,0,1.0,0.0,623.0,227.0,0.00,0.00,4.0,,,,2025-03-21 11:17:00,2025-03-21 11:17:00
category_summary,"Mangkok Sambal / Saus, Peralatan Kamar Mandi, Saringan / Strainer",3.0,,,1.0,0.0,1.0,100.00,0.0,0,,0,1.0,0.0,623.0,227.0,0.00,0.00,4.0,,,,2024-12-01 00:00:00,2024-12-01 00:00:00
category_summary,"Botol / Gelas / Mug, Mangkok Sambal / Saus, Other, Peralatan Makan, Pisau / Alat Potong, Saringan / Strainer",6.0,,,1.0,0.0,1.0,100.00,0.0,0,,0,1.0,0.0,623.0,227.0,0.00,0.00,4.0,,,,2024-01-06 06:00:00,2024-01-06 06:00:00
category_summary,"Keranjang, Peralatan Makan, Piring, Pisau / Alat Potong",4.0,,,1.0,0.0,1.0,100.00,0.0,0,,0,1.0,0.0,623.0,227.0,0.00,0.00,4.0,,,,2024-09-22 08:29:00,2024-09-22 08:29:00
category_summary,"Mangkok Sambal / Saus, Pisau / Alat Potong, Plastik / Wadah Plastik, Toples / Sealware",4.0,,,1.0,1.0,0.0,0.00,5.0,0,0,0,1.0,1.0,623.0,227.0,0.00,0.00,4.0,,,,2025-05-12 19:55:00,2025-05-12 19:55:00
category_summary,"Baskom / Mangkok Besar, Botol / Gelas / Mug, Keranjang, Other, Pengolah Bumbu / Sayur, Pisau / Alat Potong",6.0,,,1.0,0.0,1.0,100.00,0.0,0,,0,1.0,0.0,623.0,227.0,0.00,0.00,4.0,,,,2025-03-15 11:37:00,2025-03-15 11:37:00
category_summary,"Perlengkapan Packing, Stempel / Alat Kantor",2.0,,,1.0,0.0,1.0,100.00,0.0,0,,0,1.0,0.0,623.0,227.0,0.00,0.00,4.0,,,,2025-11-26 12:06:00,2025-11-26 12:06:00
category_summary,"Celengan, Nampan / Tray, Pisau / Alat Potong",3.0,,,1.0,0.0,1.0,100.00,0.0,0,,0,1.0,0.0,623.0,227.0,0.00,0.00,4.0,,,,2024-01-10 06:45:00,2024-01-10 06:45:00
category_summary,"Peralatan Makan, Toples / Sealware",2.0,,,1.0,0.0,1.0,100.00,0.0,0,,0,1.0,0.0,623.0,227.0,0.00,0.00,4.0,,,,2023-12-04 15:37:00,2023-12-04 15:37:00
category_summary,"Aksesoris Pintu, Botol / Gelas / Mug, Seal / Baut / Roof",3.0,,,1.0,0.0,1.0,100.00,0.0,0,,0,1.0,0.0,623.0,227.0,0.00,0.00,4.0,,,,2025-03-09 00:46:00,2025-03-09 00:46:00
category_summary,"Aksesoris Mandi, Keranjang, Rak / Rak Serbaguna, Toples / Sealware",4.0,,,1.0,0.0,1.0,100.00,0.0,0,,0,1.0,0.0,623.0,227.0,0.00,0.00,4.0,,,,2024-01-04 07:38:00,2024-01-04 07:38:00
category_summary,"Mangkok, Mangkok Sambal / Saus, Nampan / Tray, Other, Piring",5.0,,,1.0,0.0,0.0,0.00,0.0,0,,0,1.0,0.0,623.0,227.0,0.00,0.00,4.0,,,,2025-11-23 13:45:00,2025-11-23 13:45:00
category_summary,"Aksesoris Pintu, Nampan / Tray, Other, Peralatan Kamar Mandi",4.0,,,1.0,0.0,1.0,100.00,0.0,0,,0,1.0,0.0,623.0,227.0,0.00,0.00,4.0,,,,2025-03-26 11:35:00,2025-03-26 11:35:00
category_summary,"Keranjang, Peralatan Makan, Plastik / Wadah Plastik, Rak / Rak Serbaguna, Talenan, Tempat Nasi",6.0,,,1.0,0.0,1.0,100.00,0.0,0,,0,1.0,0.0,623.0,227.0,0.00,0.00,4.0,,,,2024-05-09 15:43:00,2024-05-09 15:43:00
category_summary,"Aksesoris Mandi, Botol / Gelas / Mug, Celengan, Gantungan Baju / Hanger, Gayung",5.0,,,1.0,0.0,1.0,100.00,0.0,0,,0,1.0,0.0,623.0,227.0,0.00,0.00,4.0,,,,2024-03-09 12:39:00,2024-03-09 12:39:00
category_summary,"Mangkok Sambal / Saus, Other, Rak / Rak Serbaguna",3.0,,,1.0,0.0,1.0,100.00,0.0,0,,0,1.0,0.0,623.0,227.0,0.00,0.00,4.0,,,,2025-01-15 05:19:00,2025-01-15 05:19:00
category_summary,"Other, Peralatan Makan, Pisau / Alat Potong, Saringan / Strainer",4.0,,,1.0,0.0,1.0,100.00,0.0,0,,0,1.0,0.0,623.0,227.0,0.00,0.00,4.0,,,,2024-10-23 23:48:00,2024-10-23 23:48:00
category_summary,"Bangku / Kursi Kecil, Botol / Gelas / Mug, Nampan / Tray, Peralatan Makan, Perlengkapan Packing, Plastik / Wadah Plastik, Saringan / Strainer, Talenan, Toples / Sealware",9.0,,,1.0,0.0,1.0,100.00,0.0,0,,0,1.0,0.0,623.0,227.0,0.00,0.00,4.0,,,,2024-04-13 07:30:00,2024-04-13 07:30:00
category_summary,"Mangkok Sambal / Saus, Spatula",2.0,,,1.0,0.0,0.0,0.00,0.0,0,,0,1.0,0.0,623.0,227.0,0.00,0.00,4.0,,,,2025-11-23 22:44:00,2025-11-23 22:44:00
category_summary,"Celengan, Other, Peralatan Makan, Toples / Sealware",4.0,,,1.0,0.0,1.0,100.00,0.0,0,,0,1.0,0.0,623.0,227.0,0.00,0.00,4.0,,,,2023-12-10 14:51:00,2023-12-10 14:51:00
category_summary,"Bangku / Kursi Kecil, Botol / Gelas / Mug, Plastik / Wadah Plastik",3.0,,,1.0,0.0,0.0,0.00,0.0,0,,0,1.0,0.0,623.0,227.0,0.00,0.00,4.0,,,,2025-11-28 10:38:00,2025-11-28 10:38:00
category_summary,"Keranjang, Other, Peralatan Makan, Pisau / Alat Potong, Plastik / Wadah Plastik, Spatula",6.0,,,1.0,0.0,1.0,100.00,0.0,0,,0,1.0,0.0,623.0,227.0,0.00,0.00,4.0,,,,2024-01-01 13:52:00,2024-01-01 13:52:00
category_summary,"Keranjang, Nampan / Tray, Peralatan Makan, Piring, Pisau / Alat Potong, Plastik / Wadah Plastik",6.0,,,1.0,0.0,1.0,100.00,0.0,0,,0,1.0,0.0,623.0,227.0,0.00,0.00,4.0,,,,2024-09-22 08:23:00,2024-09-22 08:23:00
category_summary,"Aksesoris ID Card, Keranjang, Nampan / Tray, Other, Toples / Sealware",5.0,,,1.0,0.0,1.0,100.00,0.0,0,,0,1.0,0.0,623.0,227.0,0.00,0.00,4.0,,,,2025-03-30 11:17:00,2025-03-30 11:17:00
category_summary,"Cobek / Ulekan, Other, Plastik / Wadah Plastik",3.0,,,1.0,0.0,1.0,100.00,0.0,0,,0,1.0,0.0,623.0,227.0,0.00,0.00,4.0,,,,2024-10-25 01:22:00,2024-10-25 01:22:00
category_summary,"Bangku / Kursi Kecil, Seal / Baut / Roof",2.0,,,1.0,0.0,1.0,100.00,0.0,0,,0,1.0,0.0,623.0,227.0,0.00,0.00,4.0,,,,2024-11-29 06:32:00,2024-11-29 06:32:00
category_summary,"Aksesoris Pintu, Peralatan Makan, Sapu / Pembersih Lantai",3.0,,,1.0,0.0,1.0,100.00,0.0,0,,0,1.0,0.0,623.0,227.0,0.00,0.00,4.0,,,,2024-07-04 05:46:00,2024-07-04 05:46:00
category_summary,"Keranjang, Plastik / Wadah Plastik",2.0,,,1.0,0.0,1.0,100.00,0.0,0,,0,1.0,0.0,623.0,227.0,0.00,0.00,4.0,,,,2025-01-18 09:28:00,2025-01-18 09:28:00
category_summary,"Botol / Gelas / Mug, Keranjang, Plastik / Wadah Plastik",3.0,,,1.0,0.0,1.0,100.00,0.0,0,,0,1.0,0.0,623.0,227.0,0.00,0.00,4.0,,,,2024-04-28 20:17:00,2024-04-28 20:17:00
category_summary,"Pisau / Alat Potong, Sapu / Pembersih Lantai, Saringan / Strainer",3.0,,,2.0,0.0,2.0,100.00,0.0,0,,0,1.0,0.0,623.0,142.0,0.00,0.01,4.0,,,,2024-10-06 18:39:00,2024-10-06 18:42:00
category_summary,"Keranjang, Perlengkapan Packing, Rak / Rak Serbaguna",3.0,,,1.0,0.0,1.0,100.00,0.0,0,,0,1.0,0.0,623.0,227.0,0.00,0.00,4.0,,,,2024-01-13 12:51:00,2024-01-13 12:51:00
category_summary,"Baskom / Mangkok Besar, Celengan, Nampan / Tray",3.0,,,1.0,0.0,1.0,100.00,0.0,0,,0,1.0,0.0,623.0,227.0,0.00,0.00,4.0,,,,2025-01-02 10:12:00,2025-01-02 10:12:00
category_summary,"Peralatan Makan, Rak / Rak Serbaguna, Toples / Sealware",3.0,,,1.0,0.0,1.0,100.00,0.0,0,,0,1.0,0.0,623.0,227.0,0.00,0.00,4.0,,,,2024-01-15 20:57:00,2024-01-15 20:57:00
category_summary,"Perlengkapan Packing, Piring",2.0,,,2.0,0.0,2.0,100.00,0.0,0,,0,1.0,0.0,623.0,142.0,0.00,0.01,4.0,,,,2025-03-05 11:28:00,2025-03-05 12:03:00
category_summary,"Aksesoris Pintu, Other, Peralatan Kamar Mandi",3.0,,,2.0,0.0,2.0,100.00,0.0,0,,0,2.0,0.0,623.0,142.0,0.00,0.01,4.0,,,,2025-03-26 04:27:00,2025-09-03 11:06:00
category_summary,"Aksesoris ID Card, Bangku / Kursi Kecil, Botol / Gelas / Mug, Mangkok Sambal / Saus, Nampan / Tray, Peralatan Makan, Perlengkapan Packing, Plastik / Wadah Plastik, Saringan / Strainer, Talenan, Toples / Sealware",11.0,,,1.0,0.0,1.0,100.00,0.0,0,,0,1.0,0.0,623.0,227.0,0.00,0.00,4.0,,,,2024-04-12 05:44:00,2024-04-12 05:44:00
category_summary,"Baskom / Mangkok Besar, Gayung, Pisau / Alat Potong",3.0,,,1.0,0.0,1.0,100.00,0.0,0,,0,1.0,0.0,623.0,227.0,0.00,0.00,4.0,,,,2025-07-01 00:00:00,2025-07-01 00:00:00
category_summary,"Other, Pisau / Alat Potong, Saringan / Strainer, Tempat Nasi",4.0,,,1.0,0.0,1.0,100.00,0.0,0,,0,1.0,0.0,623.0,227.0,0.00,0.00,4.0,,,,2024-07-11 03:22:00,2024-07-11 03:22:00
category_summary,"Celengan, Perlengkapan Packing, Pisau / Alat Potong",3.0,,,2.0,0.0,2.0,100.00,0.0,0,,0,1.0,0.0,623.0,142.0,0.00,0.01,4.0,,,,2025-04-05 07:47:00,2025-04-06 08:59:00
category_summary,"Nampan / Tray, Seal / Baut / Roof",2.0,,,1.0,0.0,1.0,100.00,0.0,0,,0,1.0,0.0,623.0,227.0,0.00,0.00,4.0,,,,2025-05-05 00:49:00,2025-05-05 00:49:00
category_summary,"Lunch Box / Rantang, Tempat Nasi",2.0,,,1.0,0.0,1.0,100.00,0.0,0,,0,1.0,0.0,623.0,227.0,0.00,0.00,4.0,,,,2024-07-05 13:24:00,2024-07-05 13:24:00
category_summary,"Botol / Gelas / Mug, Mangkok Sambal / Saus, Nampan / Tray, Other",4.0,,,1.0,0.0,1.0,100.00,0.0,0,,0,1.0,0.0,623.0,227.0,0.00,0.00,4.0,,,,2024-08-18 13:00:00,2024-08-18 13:00:00
category_summary,"Gayung, Mangkok Sambal / Saus, Saringan / Strainer",3.0,,,1.0,0.0,1.0,100.00,0.0,0,,0,1.0,0.0,623.0,227.0,0.00,0.00,4.0,,,,2024-07-08 15:37:00,2024-07-08 15:37:00
category_summary,"Baskom / Mangkok Besar, Mangkok, Nampan / Tray, Other, Rak / Rak Serbaguna, Saringan / Strainer, Tempat Nasi",7.0,,,1.0,0.0,1.0,100.00,0.0,0,,0,1.0,0.0,623.0,227.0,0.00,0.00,4.0,,,,2025-01-02 01:09:00,2025-01-02 01:09:00
category_summary,"Other, Perlengkapan Packing, Rak / Rak Serbaguna",3.0,,,1.0,0.0,1.0,100.00,0.0,0,,0,1.0,0.0,623.0,227.0,0.00,0.00,4.0,,,,2024-10-11 10:00:00,2024-10-11 10:00:00
category_summary,"Keranjang, Other, Tempat Nasi",3.0,,,1.0,0.0,1.0,100.00,0.0,0,,0,1.0,0.0,623.0,227.0,0.00,0.00,4.0,,,,2024-04-01 06:12:00,2024-04-01 06:12:00
category_summary,"Keranjang, Pisau / Alat Potong",2.0,,,1.0,0.0,1.0,100.00,0.0,0,,0,1.0,0.0,623.0,227.0,0.00,0.00,4.0,,,,2025-05-01 16:51:00,2025-05-01 16:51:00
category_summary,"Peralatan Makan, Saringan / Strainer, Sikat / Pembersih, Teko / Jug",4.0,,,1.0,0.0,1.0,100.00,0.0,0,,0,1.0,0.0,623.0,227.0,0.00,0.00,4.0,,,,2023-12-13 11:07:00,2023-12-13 11:07:00
category_summary,"Aksesoris Mandi, Botol / Gelas / Mug, Celengan, Gayung, Mangkok",5.0,,,1.0,0.0,1.0,100.00,0.0,0,,0,1.0,0.0,623.0,227.0,0.00,0.00,4.0,,,,2024-03-09 12:57:00,2024-03-09 12:57:00
category_summary,"Baskom / Mangkok Besar, Other, Peralatan Makan, Pisau / Alat Potong",4.0,,,1.0,0.0,1.0,100.00,0.0,0,,0,1.0,0.0,623.0,227.0,0.00,0.00,4.0,,,,2025-04-17 09:36:00,2025-04-17 09:36:00
category_summary,"Keranjang, Peralatan Makan, Pisau / Alat Potong",3.0,,,1.0,0.0,1.0,100.00,0.0,0,,0,1.0,0.0,623.0,227.0,0.00,0.00,4.0,,,,2024-09-20 17:26:00,2024-09-20 17:26:00
category_summary,"Peralatan Makan, Plastik / Wadah Plastik",2.0,,,1.0,0.0,1.0,100.00,0.0,0,,0,1.0,0.0,623.0,227.0,0.00,0.00,4.0,,,,2024-08-17 18:55:00,2024-08-17 18:55:00
category_summary,"Other, Rak / Rak Serbaguna, Sapu / Pembersih Lantai",3.0,,,1.0,0.0,1.0,100.00,0.0,0,,0,1.0,0.0,623.0,227.0,0.00,0.00,4.0,,,,2024-07-01 12:45:00,2024-07-01 12:45:00
